shipment_id,order_id,warehouse_city,customer_city,shipment_date,delivery_date,shipment_status,transport_cost,weight_kg,distance_km,fuel_cost,driver_id,vehicle_type
100000,500000,Pune,Mumbai,2025-01-26,2025-01-30,Delayed,4257,33,621,1902,1095,Truck
100001,500001,Chennai,Ahmedabad,2025-02-02,2025-02-06,Delivered,3808,34,2119,5606,1026,Container
100002,500002,Mumbai,Jaipur,2025-10-12,2025-10-13,Delayed,12648,102,703,3391,1036,Mini Truck
100003,500003,Mumbai,Chennai,2025-04-15,2025-04-17,Delivered,5600,50,1458,5766,1006,Container
100004,500004,Chennai,Mumbai,2026-01-23,2026-01-28,Delivered,12654,111,2624,19338,1047,Mini Truck
100005,500005,Pune,Mumbai,2025-02-16,2025-02-21,Delivered,705,15,1003,4604,1059,Van
100006,500006,Mumbai,Chennai,2025-12-30,2026-01-04,Delivered,4136,94,2704,15818,1022,Mini Truck
100007,500007,Mumbai,Jaipur,2026-01-24,2026-02-02,Delivered,4389,33,1378,9326,1030,Truck
100008,500008,Bangalore,Ahmedabad,2025-10-02,2025-10-12,Delivered,7254,117,1338,8168,1051,Container
100009,500009,Mumbai,Hyderabad,2025-05-23,2025-06-01,Delivered,9490,73,1126,6435,1075,Container
100010,500010,Bangalore,Bangalore,2025-05-22,2025-05-24,Delivered,4949,101,242,808,1021,Container
100011,500011,Chennai,Mumbai,2026-01-30,2026-02-07,Delivered,7560,72,1079,7805,1002,Truck
100012,500012,Pune,Lucknow,2025-10-01,2025-10-07,Delayed,1710,19,1252,4219,1001,Van
100013,500013,Chennai,Pune,2026-06-04,,In Transit,8468,116,2611,18614,1065,Mini Truck
100014,500014,Mumbai,Chennai,2025-06-15,2025-06-24,Delivered,380,5,2503,12983,1015,Van
100015,500015,Bangalore,Bangalore,2025-03-01,2025-03-11,Delivered,1920,15,400,2069,1009,Mini Truck
100016,500016,Mumbai,Jaipur,2025-06-19,2025-06-29,Delivered,6136,59,917,6101,1089,Mini Truck
100017,500017,Pune,Hyderabad,2026-02-13,,Cancelled,8008,88,1579,11760,1058,Truck
100018,500018,Mumbai,Bangalore,2025-03-07,2025-03-17,Delivered,8250,75,992,3681,1010,Truck
100019,500019,Mumbai,Mumbai,2025-02-02,,In Transit,910,14,2155,8688,1063,Mini Truck
100020,500020,Chennai,Pune,2026-04-30,2026-05-08,Delivered,6372,108,1717,5183,1085,Container
100021,500021,Bangalore,Ahmedabad,2026-02-25,2026-02-26,Delivered,10647,91,2726,8290,1052,Van
100022,500022,Delhi,Bangalore,2025-07-16,2025-07-24,Delivered,1276,22,1778,7168,1032,Truck
100023,500023,Hyderabad,Lucknow,2025-04-11,2025-04-20,Delivered,5152,112,110,835,1031,Mini Truck
100024,500024,Hyderabad,Jaipur,2026-05-08,2026-05-15,Delivered,6720,120,290,1329,1050,Van
100025,500025,Hyderabad,Hyderabad,2026-03-10,2026-03-19,Delivered,4806,89,2043,7241,1028,Truck
100026,500026,Chennai,Lucknow,2025-03-04,2025-03-05,Delayed,1056,11,2442,12858,1068,Mini Truck
100027,500027,Delhi,Lucknow,2025-03-24,,In Transit,559,13,2487,15453,1031,Container
100028,500028,Delhi,Kolkata,2025-09-10,2025-09-11,Delivered,7392,84,385,2354,1073,Van
100029,500029,Bangalore,Bangalore,2025-11-18,2025-11-25,Delivered,1533,21,2693,13504,1097,Truck
100030,500030,Delhi,Jaipur,2025-04-13,2025-04-17,Delivered,3519,69,1136,8671,1009,Mini Truck
100031,500031,Bangalore,Hyderabad,2025-06-11,2025-06-20,Delivered,10735,95,1289,10197,1084,Truck
100032,500032,Pune,Lucknow,2025-11-03,,In Transit,1224,18,600,1880,1014,Mini Truck
100033,500033,Bangalore,Hyderabad,2025-08-04,2025-08-08,Delivered,6256,92,2647,13975,1033,Truck
100034,500034,Delhi,Ahmedabad,2025-10-11,2025-10-17,Delivered,11948,103,585,4614,1021,Container
100035,500035,Chennai,Ahmedabad,2025-01-10,2025-01-13,Delivered,6068,74,197,1123,1019,Container
100036,500036,Mumbai,Delhi,2025-11-12,2025-11-13,Delivered,7320,120,1515,9470,1086,Truck
100037,500037,Bangalore,Lucknow,2026-02-21,,Cancelled,6500,100,683,4955,1023,Container
100038,500038,Delhi,Pune,2025-12-07,2025-12-14,Delayed,13803,107,2793,19436,1035,Mini Truck
100039,500039,Pune,Mumbai,2026-01-27,,In Transit,7182,114,1977,7112,1059,Van
100040,500040,Bangalore,Bangalore,2025-08-17,2025-08-21,Delivered,3920,56,1394,10111,1099,Van
100041,500041,Bangalore,Lucknow,2026-02-14,2026-02-23,Delivered,2303,47,163,1193,1034,Mini Truck
100042,500042,Chennai,Hyderabad,2025-02-09,2025-02-16,Delivered,4410,49,1334,7782,1066,Truck
100043,500043,Hyderabad,Kolkata,2025-07-14,2025-07-21,Delivered,690,5,2179,11900,1093,Mini Truck
100044,500044,Bangalore,Ahmedabad,2025-03-13,,In Transit,3525,47,2602,15998,1016,Van
100045,500045,Chennai,Hyderabad,2026-02-23,2026-02-28,Delivered,4425,75,571,2747,1049,Mini Truck
100046,500046,Chennai,Kolkata,2025-11-05,2025-11-06,Delivered,2623,43,1225,5958,1075,Van
100047,500047,Hyderabad,Jaipur,2026-03-29,2026-04-07,Delivered,7735,65,745,2209,1066,Van
100048,500048,Delhi,Bangalore,2025-11-14,2025-11-18,Delivered,920,23,150,576,1061,Truck
100049,500049,Hyderabad,Ahmedabad,2025-07-19,2025-07-26,Delivered,4488,68,1686,5583,1089,Truck
100050,500050,Delhi,Ahmedabad,2025-08-13,2025-08-22,Delivered,6784,64,255,987,1016,Container
100051,500051,Mumbai,Jaipur,2025-11-21,,Cancelled,13447,119,1862,13001,1065,Container
100052,500052,Chennai,Jaipur,2025-06-12,2025-06-20,Delayed,8122,62,1111,4288,1082,Van
100053,500053,Chennai,Jaipur,2025-09-02,2025-09-04,Delivered,6240,96,1220,4873,1041,Truck
100054,500054,Mumbai,Pune,2025-08-25,2025-08-28,Delivered,4085,95,926,4427,1043,Container
100055,500055,Hyderabad,Delhi,2025-07-31,,In Transit,6696,54,2442,6367,1098,Container
100056,500056,Hyderabad,Delhi,2025-12-27,2026-01-03,Delivered,11742,114,1766,11675,1070,Mini Truck
100057,500057,Hyderabad,Bangalore,2025-10-07,2025-10-08,Delivered,6480,54,1426,8891,1052,Mini Truck
100058,500058,Hyderabad,Pune,2025-01-28,,In Transit,9520,80,2361,6254,1083,Container
100059,500059,Mumbai,Jaipur,2025-07-06,2025-07-13,Delivered,4278,46,916,3936,1098,Container
100060,500060,Bangalore,Ahmedabad,2025-09-16,,In Transit,8450,65,129,705,1045,Mini Truck
100061,500061,Pune,Mumbai,2025-02-11,2025-02-15,Delayed,3420,30,133,443,1017,Container
100062,500062,Pune,Mumbai,2025-08-12,2025-08-17,Delivered,5768,103,1560,9098,1096,Truck
100063,500063,Mumbai,Hyderabad,2025-04-21,2025-04-26,Delivered,6630,78,1587,12185,1026,Truck
100064,500064,Chennai,Bangalore,2025-04-15,2025-04-20,Delivered,15594,113,2509,7942,1073,Truck
100065,500065,Bangalore,Lucknow,2026-03-15,2026-03-17,Delivered,5382,69,2702,6943,1054,Container
100066,500066,Delhi,Ahmedabad,2026-01-06,2026-01-14,Delivered,8550,95,676,2344,1067,Van
100067,500067,Chennai,Lucknow,2026-05-11,2026-05-21,Delivered,2574,39,1370,9684,1012,Van
100068,500068,Hyderabad,Bangalore,2026-04-21,2026-04-28,Delivered,4704,48,167,1199,1024,Container
100069,500069,Mumbai,Chennai,2025-09-22,2025-10-02,Delivered,9964,94,1181,3018,1025,Truck
100070,500070,Mumbai,Ahmedabad,2026-05-16,2026-05-20,Delivered,10881,93,2000,12830,1058,Truck
100071,500071,Delhi,Hyderabad,2025-08-15,2025-08-19,Delivered,4796,44,2769,12542,1071,Van
100072,500072,Hyderabad,Lucknow,2025-12-05,2025-12-13,Delivered,2613,39,1305,4917,1093,Mini Truck
100073,500073,Bangalore,Mumbai,2025-07-09,2025-07-17,Delivered,5280,40,2464,13269,1037,Truck
100074,500074,Mumbai,Hyderabad,2025-08-21,2025-08-26,Delivered,306,6,2237,8967,1007,Van
100075,500075,Pune,Pune,2026-05-18,2026-05-19,Delivered,7410,78,1214,6231,1044,Mini Truck
100076,500076,Delhi,Hyderabad,2026-05-05,2026-05-07,Delivered,2464,56,2064,11710,1088,Truck
100077,500077,Mumbai,Pune,2025-11-08,2025-11-12,Delivered,2640,20,2335,11182,1077,Mini Truck
100078,500078,Chennai,Ahmedabad,2026-04-07,,In Transit,3827,43,2460,10281,1080,Truck
100079,500079,Chennai,Mumbai,2025-08-01,2025-08-06,Delivered,4895,89,382,1458,1071,Truck
100080,500080,Mumbai,Delhi,2026-02-23,2026-03-05,Delivered,2535,65,1242,4686,1091,Van
100081,500081,Pune,Jaipur,2025-03-14,2025-03-19,Delivered,11550,105,2610,16016,1026,Container
100082,500082,Delhi,Lucknow,2025-08-19,2025-08-24,Delivered,4840,110,632,1787,1040,Van
100083,500083,Hyderabad,Mumbai,2026-04-25,2026-05-02,Delivered,4056,39,2099,10948,1011,Truck
100084,500084,Hyderabad,Chennai,2025-09-14,2025-09-18,Delivered,10010,91,2406,18596,1098,Van
100085,500085,Chennai,Delhi,2025-06-29,2025-07-07,Delivered,4360,40,793,3883,1063,Truck
100086,500086,Hyderabad,Chennai,2026-02-23,2026-02-25,Delivered,8778,114,708,3372,1064,Van
100087,500087,Pune,Ahmedabad,2025-02-07,2025-02-13,Delivered,1813,37,1374,10766,1052,Truck
100088,500088,Pune,Lucknow,2026-04-19,2026-04-23,Delivered,8094,71,1531,10197,1081,Container
100089,500089,Delhi,Bangalore,2025-10-01,2025-10-06,Delivered,3050,61,2035,5410,1081,Mini Truck
100090,500090,Pune,Pune,2025-11-15,2025-11-24,Delivered,3591,57,431,3429,1015,Container
100091,500091,Delhi,Pune,2026-05-26,,In Transit,5250,42,2134,8544,1062,Container
100092,500092,Mumbai,Jaipur,2025-05-29,2025-06-08,Delivered,3010,70,609,2447,1054,Van
100093,500093,Chennai,Hyderabad,2025-01-03,2025-01-08,Delivered,12208,112,2454,19617,1063,Mini Truck
100094,500094,Hyderabad,Lucknow,2026-05-11,2026-05-20,Delivered,8466,102,2275,11384,1042,Mini Truck
100095,500095,Pune,Bangalore,2026-01-28,2026-02-04,Delivered,1300,10,1353,6902,1049,Container
100096,500096,Pune,Pune,2026-05-23,,Cancelled,2310,21,2107,9114,1013,Container
100097,500097,Delhi,Lucknow,2026-04-13,2026-04-16,Delivered,3078,57,2731,7951,1034,Van
100098,500098,Chennai,Ahmedabad,2025-03-24,,In Transit,9462,114,2235,17316,1081,Container
100099,500099,Chennai,Delhi,2025-03-12,2025-03-17,Delivered,3060,34,420,3309,1098,Truck
100100,500100,Hyderabad,Pune,2025-11-03,,In Transit,1360,10,1378,3870,1046,Van
100101,500101,Hyderabad,Pune,2025-09-08,2025-09-18,Delivered,5152,92,787,2725,1079,Container
100102,500102,Chennai,Bangalore,2026-05-25,,In Transit,2162,23,1001,6014,1059,Van
100103,500103,Pune,Delhi,2026-04-22,,In Transit,5005,91,2288,6649,1045,Van
100104,500104,Pune,Ahmedabad,2025-09-14,2025-09-19,Delivered,2880,30,1625,5015,1049,Van
100105,500105,Chennai,Hyderabad,2025-10-30,2025-11-06,Delivered,4280,40,83,602,1100,Truck
100106,500106,Chennai,Jaipur,2025-10-21,2025-10-25,Delayed,5166,82,1493,8960,1080,Van
100107,500107,Pune,Pune,2025-04-10,,In Transit,6438,87,211,1442,1005,Van
100108,500108,Pune,Pune,2025-04-03,,In Transit,2622,46,1751,6311,1070,Van
100109,500109,Chennai,Lucknow,2025-10-07,,In Transit,5106,37,2023,8341,1044,Truck
100110,500110,Hyderabad,Mumbai,2025-05-25,2025-05-29,Delayed,15755,115,1677,9332,1012,Container
100111,500111,Delhi,Hyderabad,2025-05-07,2025-05-12,Delivered,11060,79,1610,9679,1048,Truck
100112,500112,Pune,Bangalore,2026-04-28,2026-05-07,Delivered,2898,46,2548,15446,1082,Container
100113,500113,Pune,Hyderabad,2026-02-23,2026-02-24,Delivered,882,9,1296,4067,1031,Mini Truck
100114,500114,Hyderabad,Jaipur,2026-01-15,2026-01-24,Delivered,7540,58,2455,15948,1054,Truck
100115,500115,Hyderabad,Kolkata,2026-02-22,,In Transit,4920,40,184,834,1057,Container
100116,500116,Mumbai,Chennai,2025-04-12,,Cancelled,6084,52,2280,10197,1051,Van
100117,500117,Mumbai,Mumbai,2026-04-11,2026-04-15,Delivered,9657,87,2669,20927,1007,Van
100118,500118,Mumbai,Pune,2025-07-30,2025-08-08,Delivered,1922,31,2451,17087,1030,Van
100119,500119,Mumbai,Kolkata,2025-01-03,2025-01-06,Delivered,1407,21,2262,15589,1015,Truck
100120,500120,Mumbai,Delhi,2026-01-02,2026-01-06,Delayed,2960,80,1376,4758,1007,Mini Truck
100121,500121,Pune,Ahmedabad,2026-06-23,2026-06-25,Delivered,8710,65,1886,8470,1076,Truck
100122,500122,Hyderabad,Lucknow,2025-08-15,,In Transit,1010,10,2748,11428,1083,Truck
100123,500123,Delhi,Jaipur,2026-02-16,2026-02-18,Delivered,2948,67,1866,13894,1042,Mini Truck
100124,500124,Delhi,Pune,2025-10-09,2025-10-19,Delivered,6225,75,1381,11007,1068,Van
100125,500125,Hyderabad,Lucknow,2026-03-17,2026-03-19,Delivered,13452,114,2731,20011,1071,Mini Truck
100126,500126,Hyderabad,Jaipur,2025-08-22,2025-08-30,Delivered,7168,56,1753,5299,1055,Van
100127,500127,Pune,Hyderabad,2026-01-19,,Cancelled,3956,92,1992,5979,1011,Truck
100128,500128,Hyderabad,Mumbai,2026-01-17,2026-01-26,Delayed,1272,12,2452,13704,1086,Truck
100129,500129,Hyderabad,Chennai,2026-03-10,,In Transit,6887,97,260,1508,1046,Truck
100130,500130,Chennai,Lucknow,2025-08-06,2025-08-14,Delivered,2607,33,493,3524,1048,Truck
100131,500131,Bangalore,Kolkata,2025-08-20,2025-08-29,Delayed,11639,103,2596,16127,1072,Truck
100132,500132,Chennai,Hyderabad,2025-01-30,2025-02-04,Delivered,1680,48,1487,5201,1019,Container
100133,500133,Delhi,Pune,2025-02-01,2025-02-10,Delivered,2816,32,1590,7942,1021,Van
100134,500134,Bangalore,Chennai,2025-03-28,,In Transit,3144,24,694,4093,1087,Truck
100135,500135,Bangalore,Jaipur,2026-03-11,2026-03-19,Delivered,3596,58,1168,7769,1015,Van
100136,500136,Hyderabad,Mumbai,2025-10-18,2025-10-28,Delivered,8040,67,2208,9265,1029,Container
100137,500137,Chennai,Delhi,2025-01-08,2025-01-12,Delivered,13596,103,612,2390,1042,Truck
100138,500138,Delhi,Jaipur,2026-03-17,2026-03-24,Delivered,7227,73,992,5528,1086,Van
100139,500139,Delhi,Ahmedabad,2025-02-13,2025-02-21,Delivered,1512,14,1332,6474,1052,Container
100140,500140,Bangalore,Mumbai,2026-02-19,2026-02-25,Delivered,2418,26,2581,18263,1047,Truck
100141,500141,Hyderabad,Mumbai,2025-09-07,2025-09-14,Delivered,6120,72,372,2711,1096,Van
100142,500142,Mumbai,Chennai,2025-06-22,2025-06-24,Delivered,4248,72,2138,15997,1045,Van
100143,500143,Pune,Pune,2025-08-30,2025-09-04,Delivered,3360,30,760,2538,1098,Truck
100144,500144,Mumbai,Jaipur,2026-04-21,2026-05-01,Delayed,7254,62,2362,14158,1080,Van
100145,500145,Pune,Chennai,2025-06-04,2025-06-12,Delivered,4453,61,2636,18135,1076,Truck
100146,500146,Bangalore,Lucknow,2025-03-17,2025-03-25,Delivered,738,9,283,2002,1010,Truck
100147,500147,Chennai,Kolkata,2026-06-04,2026-06-14,Delivered,6900,75,218,1634,1074,Mini Truck
100148,500148,Bangalore,Kolkata,2026-05-03,2026-05-04,Delivered,8556,62,473,3521,1044,Truck
100149,500149,Chennai,Pune,2025-02-10,2025-02-18,Delivered,6161,61,2196,12855,1047,Van
100150,500150,Bangalore,Ahmedabad,2026-02-23,2026-03-05,Delayed,1287,11,2634,11433,1043,Truck
100151,500151,Chennai,Ahmedabad,2025-10-18,2025-10-28,Delivered,8932,116,665,1960,1085,Mini Truck
100152,500152,Bangalore,Hyderabad,2026-02-06,2026-02-08,Delivered,3652,44,2339,14125,1043,Mini Truck
100153,500153,Pune,Lucknow,2025-04-06,2025-04-13,Delivered,2590,70,1532,6885,1024,Mini Truck
100154,500154,Bangalore,Jaipur,2025-07-16,2025-07-19,Delivered,1728,24,366,2614,1013,Truck
100155,500155,Pune,Chennai,2025-05-15,2025-05-18,Delivered,3075,25,790,5325,1022,Container
100156,500156,Delhi,Ahmedabad,2026-01-09,2026-01-13,Delivered,4331,61,2550,16927,1058,Mini Truck
100157,500157,Chennai,Bangalore,2025-11-13,,Cancelled,6195,105,1971,8915,1074,Container
100158,500158,Hyderabad,Hyderabad,2026-01-27,2026-02-03,Delivered,3425,25,867,5050,1033,Truck
100159,500159,Pune,Jaipur,2026-01-16,2026-01-18,Delivered,4800,96,2163,8798,1098,Mini Truck
100160,500160,Bangalore,Jaipur,2026-06-10,2026-06-17,Delivered,2224,16,959,4776,1045,Truck
100161,500161,Hyderabad,Delhi,2026-02-10,2026-02-14,Delivered,4428,54,384,1434,1041,Truck
100162,500162,Pune,Chennai,2025-05-30,2025-06-04,Delivered,13764,111,1985,14036,1098,Container
100163,500163,Hyderabad,Kolkata,2025-01-06,,In Transit,434,7,1098,7787,1071,Container
100164,500164,Delhi,Hyderabad,2025-09-01,2025-09-02,Delivered,4060,35,1769,12146,1059,Truck
100165,500165,Delhi,Jaipur,2025-01-17,2025-01-27,Delivered,2520,35,638,3101,1079,Van
100166,500166,Mumbai,Kolkata,2026-03-03,2026-03-05,Delivered,3096,72,1527,11824,1070,Truck
100167,500167,Hyderabad,Jaipur,2025-02-14,2025-02-20,Delivered,2960,37,116,793,1045,Mini Truck
100168,500168,Pune,Mumbai,2025-12-07,2025-12-13,Delivered,10286,74,1436,8666,1100,Container
100169,500169,Pune,Jaipur,2025-07-06,2025-07-08,Delayed,3744,96,1924,7915,1006,Mini Truck
100170,500170,Delhi,Chennai,2025-11-14,2025-11-23,Delivered,2535,65,1087,7221,1025,Van
100171,500171,Bangalore,Delhi,2025-12-06,2025-12-12,Delivered,7800,60,1688,8302,1050,Van
100172,500172,Mumbai,Jaipur,2026-05-25,2026-06-03,Delivered,4992,39,388,1875,1056,Mini Truck
100173,500173,Chennai,Hyderabad,2025-11-25,2025-12-01,Delivered,6586,89,1260,6240,1092,Container
100174,500174,Mumbai,Jaipur,2025-12-26,2026-01-01,Delivered,5810,83,1831,11017,1008,Truck
100175,500175,Pune,Ahmedabad,2026-01-08,2026-01-11,Delivered,896,8,634,3949,1057,Truck
100176,500176,Mumbai,Mumbai,2025-08-30,2025-09-05,Delayed,5457,51,1618,4333,1020,Container
100177,500177,Bangalore,Chennai,2026-03-31,2026-04-10,Delayed,1782,22,2218,10400,1084,Van
100178,500178,Mumbai,Mumbai,2025-01-27,2025-02-04,Delayed,7526,71,1635,5146,1100,Van
100179,500179,Pune,Jaipur,2025-08-08,,Cancelled,2460,41,2061,6542,1010,Container
100180,500180,Mumbai,Jaipur,2025-03-31,2025-04-06,Delayed,11250,90,1473,4208,1070,Van
100181,500181,Bangalore,Pune,2025-06-28,2025-07-07,Delayed,1980,33,547,3750,1031,Container
100182,500182,Delhi,Chennai,2026-01-13,2026-01-22,Delivered,966,21,2556,7314,1051,Container
100183,500183,Chennai,Ahmedabad,2026-02-24,,In Transit,1050,14,563,3396,1058,Container
100184,500184,Pune,Lucknow,2025-12-19,2025-12-28,Delivered,4988,86,2457,16517,1017,Container
100185,500185,Chennai,Delhi,2025-05-08,2025-05-13,Delivered,1976,26,713,5448,1029,Van
100186,500186,Chennai,Hyderabad,2025-03-22,2025-03-31,Delivered,4600,40,562,2341,1069,Truck
100187,500187,Chennai,Pune,2025-06-07,2025-06-17,Delivered,7566,97,2528,18034,1073,Truck
100188,500188,Delhi,Mumbai,2025-02-16,,In Transit,7004,103,2412,14667,1099,Container
100189,500189,Chennai,Delhi,2026-05-25,,In Transit,8658,74,1236,9593,1062,Mini Truck
100190,500190,Pune,Ahmedabad,2025-11-01,2025-11-02,Delivered,2200,25,1850,9552,1027,Van
100191,500191,Chennai,Pune,2025-11-17,,In Transit,3870,45,1464,4712,1048,Truck
100192,500192,Bangalore,Bangalore,2026-04-23,2026-05-01,Delivered,1692,36,627,1742,1050,Container
100193,500193,Mumbai,Pune,2025-12-02,,In Transit,5723,97,1330,8907,1064,Container
100194,500194,Hyderabad,Hyderabad,2026-05-25,2026-06-01,Delivered,4485,69,1922,7079,1046,Truck
100195,500195,Delhi,Hyderabad,2026-05-22,2026-05-30,Delivered,1476,41,2248,16094,1056,Mini Truck
100196,500196,Bangalore,Chennai,2026-02-17,2026-02-24,Delivered,1166,11,2385,8515,1071,Van
100197,500197,Delhi,Ahmedabad,2026-06-01,2026-06-10,Delivered,4880,40,2602,15249,1017,Truck
100198,500198,Hyderabad,Chennai,2025-12-14,2025-12-20,Delivered,6060,101,640,3720,1052,Truck
100199,500199,Delhi,Delhi,2025-05-21,2025-05-29,Delivered,3834,71,1921,11207,1066,Mini Truck
100200,500200,Bangalore,Kolkata,2025-11-23,2025-12-03,Delivered,10890,99,1275,5546,1066,Container
100201,500201,Pune,Kolkata,2025-11-03,2025-11-04,Delivered,6292,52,1406,4362,1054,Van
100202,500202,Pune,Delhi,2026-05-01,2026-05-11,Delivered,9906,78,982,2732,1062,Mini Truck
100203,500203,Chennai,Kolkata,2026-01-25,2026-01-29,Delivered,1116,9,2395,7435,1003,Container
100204,500204,Bangalore,Ahmedabad,2025-06-05,2025-06-09,Delivered,7638,57,2105,12341,1061,Truck
100205,500205,Pune,Pune,2026-06-16,2026-06-22,Delivered,9078,89,2009,9186,1023,Container
100206,500206,Chennai,Chennai,2025-12-29,2026-01-03,Delivered,4897,83,2033,15786,1036,Van
100207,500207,Mumbai,Hyderabad,2025-10-23,2025-10-31,Delivered,3555,45,2015,11249,1093,Van
100208,500208,Bangalore,Mumbai,2026-01-24,,In Transit,7315,55,1463,10131,1038,Truck
100209,500209,Bangalore,Mumbai,2025-12-21,,In Transit,11440,88,1100,5648,1026,Van
100210,500210,Chennai,Hyderabad,2025-05-21,2025-05-31,Delivered,1435,35,1043,6450,1068,Mini Truck
100211,500211,Pune,Bangalore,2025-02-23,2025-03-01,Delivered,4512,96,1984,12393,1018,Truck
100212,500212,Chennai,Pune,2026-02-21,2026-03-01,Delivered,3960,66,2714,18068,1037,Van
100213,500213,Bangalore,Delhi,2025-04-02,2025-04-06,Delivered,4161,73,202,969,1023,Truck
100214,500214,Hyderabad,Jaipur,2025-07-10,,In Transit,4524,116,1235,3150,1073,Truck
100215,500215,Bangalore,Hyderabad,2026-04-11,,Cancelled,7252,74,2197,16237,1018,Container
100216,500216,Bangalore,Bangalore,2025-04-26,2025-05-04,Delivered,10962,87,1103,3887,1095,Van
100217,500217,Bangalore,Kolkata,2025-07-17,2025-07-24,Delivered,11000,110,1801,7750,1052,Truck
100218,500218,Mumbai,Pune,2026-05-04,2026-05-08,Delivered,420,5,1118,4243,1097,Van
100219,500219,Bangalore,Hyderabad,2025-01-12,2025-01-18,Delivered,3906,93,1017,6277,1060,Van
100220,500220,Mumbai,Ahmedabad,2026-05-30,,In Transit,14514,118,1323,4161,1038,Van
100221,500221,Chennai,Bangalore,2025-08-13,,Cancelled,6138,66,677,4476,1078,Van
100222,500222,Hyderabad,Lucknow,2026-04-28,2026-05-02,Delayed,12444,102,1063,7070,1011,Container
100223,500223,Chennai,Chennai,2025-03-21,,In Transit,1995,19,302,2254,1026,Mini Truck
100224,500224,Mumbai,Chennai,2026-06-17,2026-06-21,Delivered,9312,96,2438,7314,1066,Container
100225,500225,Delhi,Jaipur,2025-05-16,2025-05-24,Delivered,8162,77,286,1442,1040,Truck
100226,500226,Hyderabad,Hyderabad,2025-01-04,2025-01-14,Delayed,1246,14,235,1032,1009,Truck
100227,500227,Delhi,Jaipur,2025-02-02,2025-02-05,Delivered,13699,103,604,3641,1094,Container
100228,500228,Bangalore,Ahmedabad,2026-04-05,,In Transit,2385,53,1588,9932,1085,Mini Truck
100229,500229,Pune,Chennai,2025-05-02,2025-05-11,Delivered,2805,55,2216,14411,1029,Truck
100230,500230,Delhi,Hyderabad,2026-04-20,2026-04-29,Delivered,4897,59,2228,15659,1032,Container
100231,500231,Bangalore,Pune,2025-10-10,2025-10-12,Delivered,792,9,2754,16199,1003,Mini Truck
100232,500232,Mumbai,Mumbai,2025-04-14,2025-04-22,Delivered,5346,81,249,1636,1052,Container
100233,500233,Mumbai,Lucknow,2025-08-11,2025-08-12,Delayed,1584,22,2113,8003,1094,Van
100234,500234,Chennai,Kolkata,2025-11-25,2025-11-28,Delivered,5607,89,2185,10432,1036,Truck
100235,500235,Chennai,Kolkata,2025-06-29,2025-07-06,Delivered,3116,76,2080,16323,1083,Container
100236,500236,Chennai,Chennai,2026-03-03,2026-03-08,Delivered,6943,53,803,4383,1031,Mini Truck
100237,500237,Bangalore,Pune,2026-04-20,,In Transit,6688,76,1740,9683,1018,Container
100238,500238,Mumbai,Hyderabad,2025-07-28,2025-07-30,Delivered,2852,62,1569,8544,1025,Truck
100239,500239,Bangalore,Ahmedabad,2025-02-10,,In Transit,3683,29,2456,15209,1028,Container
100240,500240,Mumbai,Chennai,2025-11-07,,Cancelled,354,6,917,7144,1016,Container
100241,500241,Mumbai,Kolkata,2025-07-29,2025-08-02,Delivered,10050,75,1367,5545,1060,Van
100242,500242,Bangalore,Hyderabad,2026-01-04,2026-01-12,Delivered,8768,64,453,3577,1061,Van
100243,500243,Mumbai,Chennai,2025-11-17,2025-11-27,Delivered,14835,115,956,3157,1034,Container
100244,500244,Bangalore,Pune,2025-07-20,2025-07-27,Delivered,7546,77,1056,5838,1088,Van
100245,500245,Bangalore,Jaipur,2026-05-18,2026-05-24,Delivered,3302,26,623,3430,1024,Truck
100246,500246,Chennai,Delhi,2025-03-18,,In Transit,11880,90,248,628,1018,Mini Truck
100247,500247,Delhi,Pune,2025-01-10,2025-01-18,Delivered,5928,52,297,1784,1079,Container
100248,500248,Pune,Jaipur,2025-01-17,2025-01-26,Delivered,2109,57,98,530,1036,Van
100249,500249,Delhi,Lucknow,2026-03-17,2026-03-20,Delayed,1836,18,444,1473,1025,Van
100250,500250,Bangalore,Hyderabad,2026-02-11,2026-02-18,Delivered,4158,63,2364,18785,1029,Van
100251,500251,Pune,Mumbai,2025-02-02,2025-02-09,Delivered,5035,53,2313,6496,1002,Mini Truck
100252,500252,Delhi,Jaipur,2026-03-21,2026-03-27,Delivered,7854,77,440,3324,1030,Mini Truck
100253,500253,Pune,Kolkata,2026-05-02,2026-05-04,Delivered,9568,92,1198,6707,1005,Mini Truck
100254,500254,Bangalore,Delhi,2025-08-01,2025-08-08,Delivered,770,14,1275,7142,1073,Container
100255,500255,Pune,Lucknow,2025-12-06,2025-12-09,Delivered,10494,106,371,2448,1045,Truck
100256,500256,Delhi,Ahmedabad,2025-08-26,,In Transit,6384,48,2528,14855,1077,Container
100257,500257,Bangalore,Delhi,2025-10-07,2025-10-15,Delayed,5360,67,984,5453,1049,Container
100258,500258,Mumbai,Kolkata,2026-01-25,2026-02-04,Delivered,5292,42,1059,3075,1035,Mini Truck
100259,500259,Hyderabad,Pune,2026-02-03,2026-02-05,Delivered,1184,16,71,351,1098,Van
100260,500260,Delhi,Pune,2025-03-31,2025-04-08,Delivered,7600,76,2322,11016,1004,Truck
100261,500261,Bangalore,Lucknow,2025-04-06,2025-04-12,Delivered,4140,115,1627,6679,1050,Truck
100262,500262,Pune,Lucknow,2025-09-06,2025-09-09,Delivered,5152,92,1609,5251,1039,Van
100263,500263,Hyderabad,Pune,2025-03-06,2025-03-11,Delivered,5568,58,1277,8689,1047,Van
100264,500264,Mumbai,Jaipur,2025-07-20,2025-07-23,Delivered,3655,43,77,333,1080,Container
100265,500265,Bangalore,Jaipur,2025-12-09,2025-12-19,Delivered,1672,22,1280,7446,1089,Mini Truck
100266,500266,Hyderabad,Chennai,2025-07-01,,Cancelled,5805,45,1243,7858,1063,Mini Truck
100267,500267,Bangalore,Ahmedabad,2025-10-15,2025-10-22,Delayed,5457,51,516,1857,1070,Mini Truck
100268,500268,Pune,Lucknow,2025-01-28,,Cancelled,5824,64,908,6253,1089,Truck
100269,500269,Hyderabad,Jaipur,2025-05-23,2025-05-27,Delivered,1998,37,2747,17673,1049,Truck
100270,500270,Hyderabad,Kolkata,2026-05-06,2026-05-15,Delivered,7176,69,1763,4763,1047,Truck
100271,500271,Delhi,Bangalore,2025-12-30,2026-01-09,Delivered,1170,10,2356,14668,1052,Van
100272,500272,Hyderabad,Mumbai,2025-01-11,2025-01-15,Delivered,7420,70,2174,12376,1074,Mini Truck
100273,500273,Hyderabad,Chennai,2026-02-05,2026-02-15,Delivered,5022,93,2099,9229,1004,Container
100274,500274,Delhi,Hyderabad,2026-03-02,,In Transit,1920,15,525,1721,1040,Van
100275,500275,Hyderabad,Bangalore,2026-06-18,2026-06-26,Delivered,2159,17,1844,11676,1041,Truck
100276,500276,Bangalore,Delhi,2025-04-28,2025-05-04,Delivered,10527,87,497,3429,1095,Mini Truck
100277,500277,Chennai,Pune,2025-06-13,2025-06-20,Delivered,8768,64,999,4723,1024,Mini Truck
100278,500278,Pune,Ahmedabad,2026-02-10,2026-02-20,Delivered,10856,118,858,4939,1050,Truck
100279,500279,Pune,Bangalore,2025-07-30,2025-08-01,Delivered,10686,78,466,3399,1024,Van
100280,500280,Bangalore,Bangalore,2026-04-14,2026-04-22,Delivered,5400,72,2667,15424,1079,Container
100281,500281,Chennai,Mumbai,2025-12-23,2025-12-31,Delivered,11676,84,756,4690,1039,Truck
100282,500282,Pune,Pune,2025-11-17,2025-11-22,Delivered,1558,19,799,5044,1066,Container
100283,500283,Hyderabad,Kolkata,2025-05-22,2025-05-29,Delivered,3248,28,2043,11145,1083,Mini Truck
100284,500284,Chennai,Pune,2026-05-17,2026-05-20,Delivered,5130,45,1897,5301,1046,Truck
100285,500285,Hyderabad,Pune,2025-07-19,2025-07-28,Delayed,6762,69,2724,12939,1063,Container
100286,500286,Pune,Jaipur,2026-05-16,2026-05-26,Delivered,576,8,953,2553,1029,Van
100287,500287,Mumbai,Jaipur,2026-05-23,2026-05-25,Delivered,5382,78,517,3496,1047,Truck
100288,500288,Pune,Jaipur,2025-08-12,,Cancelled,2358,18,2727,10530,1005,Container
100289,500289,Bangalore,Chennai,2025-03-31,2025-04-02,Delivered,6344,104,1020,7098,1076,Van
100290,500290,Pune,Kolkata,2026-03-15,2026-03-18,Delivered,14595,105,896,3259,1008,Van
100291,500291,Chennai,Hyderabad,2025-06-22,2025-06-27,Delivered,2898,42,2395,18532,1066,Truck
100292,500292,Mumbai,Ahmedabad,2025-03-02,,Cancelled,5865,115,2736,17395,1017,Mini Truck
100293,500293,Mumbai,Chennai,2025-09-11,2025-09-18,Delayed,7236,67,632,3778,1081,Container
100294,500294,Hyderabad,Jaipur,2025-03-19,2025-03-21,Delivered,7280,56,2161,8709,1048,Container
100295,500295,Hyderabad,Chennai,2025-01-03,,In Transit,14464,113,431,3381,1082,Van
100296,500296,Delhi,Lucknow,2026-02-12,2026-02-19,Delivered,10780,110,917,3646,1037,Van
100297,500297,Chennai,Kolkata,2025-05-14,2025-05-22,Delivered,12810,105,1457,9750,1006,Truck
100298,500298,Pune,Jaipur,2025-01-17,2025-01-20,Delivered,2135,61,1919,15265,1055,Mini Truck
100299,500299,Pune,Pune,2025-11-06,2025-11-11,Delivered,1296,16,2731,10588,1048,Mini Truck
100300,500300,Delhi,Ahmedabad,2025-11-09,2025-11-13,Delayed,2714,59,2734,17416,1001,Mini Truck
100301,500301,Hyderabad,Mumbai,2025-05-16,2025-05-25,Delivered,3312,92,1872,4763,1044,Truck
100302,500302,Hyderabad,Pune,2026-05-05,2026-05-12,Delivered,768,16,469,1980,1039,Mini Truck
100303,500303,Hyderabad,Pune,2025-05-27,2025-06-06,Delivered,708,6,2549,8673,1045,Mini Truck
100304,500304,Pune,Pune,2026-02-26,2026-03-06,Delivered,5290,115,939,6977,1018,Truck
100305,500305,Chennai,Ahmedabad,2025-12-26,,Cancelled,2970,45,622,2502,1011,Mini Truck
100306,500306,Chennai,Kolkata,2025-10-19,2025-10-20,Delayed,8249,113,2746,9967,1078,Mini Truck
100307,500307,Pune,Ahmedabad,2025-10-30,2025-11-03,Delivered,3332,68,1630,6236,1082,Truck
100308,500308,Chennai,Delhi,2026-01-05,,In Transit,2247,21,1634,7867,1070,Mini Truck
100309,500309,Hyderabad,Mumbai,2025-01-18,2025-01-19,Delivered,1520,38,933,7066,1051,Van
100310,500310,Pune,Lucknow,2026-03-02,2026-03-09,Delivered,1545,15,2673,14586,1020,Van
100311,500311,Delhi,Hyderabad,2025-03-22,2025-03-26,Delivered,11124,108,686,2947,1076,Truck
100312,500312,Bangalore,Ahmedabad,2025-09-02,2025-09-04,Delivered,5580,60,525,3080,1008,Van
100313,500313,Pune,Pune,2025-05-03,2025-05-06,Delivered,5170,94,96,502,1045,Van
100314,500314,Mumbai,Chennai,2025-05-10,2025-05-15,Delayed,13034,98,533,3970,1043,Container
100315,500315,Bangalore,Lucknow,2025-03-07,2025-03-17,Delivered,8330,85,365,1826,1047,Truck
100316,500316,Hyderabad,Kolkata,2025-06-20,2025-06-25,Delivered,11124,103,471,2923,1015,Mini Truck
100317,500317,Pune,Lucknow,2025-01-03,2025-01-04,Delivered,3420,36,238,1071,1020,Mini Truck
100318,500318,Delhi,Lucknow,2026-03-06,2026-03-10,Delivered,4002,58,1360,9578,1074,Van
100319,500319,Delhi,Lucknow,2025-02-23,2025-03-04,Delivered,430,10,1692,12391,1037,Van
100320,500320,Bangalore,Mumbai,2026-04-13,2026-04-17,Delivered,5670,42,2359,9840,1080,Mini Truck
100321,500321,Hyderabad,Chennai,2026-05-21,,Cancelled,13312,104,850,6334,1098,Mini Truck
100322,500322,Mumbai,Delhi,2026-02-24,2026-03-05,Delivered,6027,49,2654,19439,1043,Truck
100323,500323,Pune,Ahmedabad,2025-11-11,2025-11-20,Delivered,3395,35,1769,13774,1019,Van
100324,500324,Delhi,Delhi,2025-08-26,,In Transit,8804,71,1741,12928,1059,Truck
100325,500325,Chennai,Mumbai,2026-06-02,2026-06-09,Delivered,1498,14,2474,7032,1085,Mini Truck
100326,500326,Mumbai,Hyderabad,2025-09-25,,In Transit,13268,107,1659,11738,1042,Van
100327,500327,Hyderabad,Hyderabad,2025-08-28,2025-09-01,Delivered,1056,22,2444,8199,1022,Container
100328,500328,Hyderabad,Chennai,2026-02-21,2026-02-27,Delivered,9476,103,900,3776,1034,Truck
100329,500329,Delhi,Pune,2025-11-08,,In Transit,3760,94,2521,9283,1042,Mini Truck
100330,500330,Delhi,Bangalore,2025-12-31,2026-01-01,Delivered,6188,91,1274,8931,1023,Truck
100331,500331,Hyderabad,Jaipur,2025-09-13,2025-09-15,Delivered,5350,107,622,1595,1100,Mini Truck
100332,500332,Mumbai,Bangalore,2026-02-15,2026-02-17,Delivered,5372,79,2450,18487,1010,Truck
100333,500333,Delhi,Bangalore,2026-03-31,2026-04-02,Delayed,6000,120,1408,3850,1060,Truck
100334,500334,Mumbai,Kolkata,2026-03-20,,In Transit,2090,55,2082,9587,1055,Mini Truck
100335,500335,Bangalore,Bangalore,2025-07-11,2025-07-19,Delivered,4602,118,658,3867,1079,Mini Truck
100336,500336,Pune,Hyderabad,2026-05-26,2026-06-04,Delivered,3036,66,299,1207,1018,Container
100337,500337,Mumbai,Lucknow,2025-09-13,2025-09-22,Delivered,8798,106,129,877,1046,Container
100338,500338,Chennai,Jaipur,2025-12-19,,In Transit,5796,69,1367,5450,1004,Van
100339,500339,Chennai,Bangalore,2025-01-31,,In Transit,4368,104,1200,8337,1061,Van
100340,500340,Chennai,Bangalore,2025-06-13,2025-06-17,Delivered,5421,39,2235,15313,1095,Truck
100341,500341,Mumbai,Kolkata,2026-02-02,2026-02-05,Delivered,2970,27,1018,4325,1095,Van
100342,500342,Chennai,Delhi,2025-12-27,,In Transit,8239,77,632,4876,1064,Van
100343,500343,Mumbai,Jaipur,2025-02-08,2025-02-12,Delivered,3034,82,946,5104,1001,Van
100344,500344,Chennai,Bangalore,2025-05-14,2025-05-17,Delivered,4494,107,1375,3603,1076,Mini Truck
100345,500345,Delhi,Lucknow,2026-01-09,,Cancelled,4420,52,2762,15807,1044,Van
100346,500346,Bangalore,Pune,2025-06-11,2025-06-18,Delayed,10282,106,2668,16196,1023,Van
100347,500347,Mumbai,Kolkata,2025-06-29,2025-07-04,Delivered,2688,21,777,1950,1090,Container
100348,500348,Chennai,Delhi,2025-07-06,2025-07-16,Delivered,3531,33,2669,8200,1064,Mini Truck
100349,500349,Bangalore,Mumbai,2025-09-01,2025-09-07,Delivered,1196,26,2655,18635,1086,Van
100350,500350,Hyderabad,Delhi,2025-09-29,2025-10-01,Delivered,6615,49,1101,3406,1001,Truck
100351,500351,Hyderabad,Jaipur,2026-03-06,,Cancelled,11564,118,1745,12825,1045,Container
100352,500352,Delhi,Jaipur,2025-08-19,2025-08-21,Delivered,7704,107,186,485,1034,Truck
100353,500353,Delhi,Chennai,2025-06-24,,In Transit,2625,25,357,2741,1012,Van
100354,500354,Chennai,Kolkata,2026-05-10,2026-05-17,Delivered,9856,88,725,5360,1021,Truck
100355,500355,Delhi,Chennai,2025-07-30,,Cancelled,7239,57,2319,17602,1070,Van
100356,500356,Pune,Hyderabad,2025-11-01,2025-11-02,Delivered,5775,55,2391,17022,1020,Truck
100357,500357,Bangalore,Delhi,2026-03-14,2026-03-24,Delivered,3102,66,867,2290,1022,Van
100358,500358,Delhi,Jaipur,2025-04-29,2025-05-06,Delivered,7735,65,2053,8124,1083,Container
100359,500359,Mumbai,Chennai,2026-01-26,2026-02-03,Delivered,910,10,1128,5705,1029,Van
100360,500360,Chennai,Delhi,2025-06-04,2025-06-06,Delayed,1185,15,2786,19348,1053,Mini Truck
100361,500361,Chennai,Delhi,2026-02-01,2026-02-08,Delayed,7884,73,1994,14654,1061,Van
100362,500362,Delhi,Ahmedabad,2025-02-05,2025-02-14,Delivered,12947,107,2390,18893,1019,Truck
100363,500363,Hyderabad,Pune,2025-06-21,,Cancelled,5508,108,839,2294,1011,Container
100364,500364,Mumbai,Pune,2025-09-22,2025-09-24,Delivered,1696,16,1639,7679,1042,Van
100365,500365,Chennai,Jaipur,2025-01-13,2025-01-23,Delayed,10800,80,2190,10529,1054,Mini Truck
100366,500366,Mumbai,Kolkata,2025-04-13,,In Transit,10395,77,463,1886,1069,Van
100367,500367,Hyderabad,Hyderabad,2026-01-28,2026-02-07,Delivered,3198,82,1987,6849,1052,Mini Truck
100368,500368,Chennai,Kolkata,2026-02-16,2026-02-22,Delivered,3813,93,1023,6753,1035,Van
100369,500369,Delhi,Chennai,2025-11-07,2025-11-15,Delivered,7296,114,452,1464,1096,Container
100370,500370,Bangalore,Hyderabad,2026-03-03,2026-03-05,Delivered,1798,29,1859,13986,1053,Container
100371,500371,Chennai,Chennai,2025-02-27,2025-03-02,Delivered,1625,13,1324,7000,1018,Truck
100372,500372,Mumbai,Bangalore,2025-07-25,,In Transit,3348,36,185,513,1047,Mini Truck
100373,500373,Bangalore,Chennai,2026-04-21,2026-04-23,Delivered,5980,92,175,795,1077,Container
100374,500374,Mumbai,Jaipur,2025-12-25,2025-12-30,Delivered,7100,100,420,1113,1007,Mini Truck
100375,500375,Chennai,Bangalore,2025-08-15,2025-08-19,Delivered,3393,39,2718,14468,1100,Truck
100376,500376,Hyderabad,Pune,2025-06-27,2025-06-28,Delivered,3696,33,1083,7502,1040,Van
100377,500377,Hyderabad,Ahmedabad,2025-12-24,2025-12-28,Delivered,7744,64,1287,6902,1080,Container
100378,500378,Chennai,Mumbai,2025-01-08,2025-01-14,Delivered,8436,76,2701,15800,1039,Truck
100379,500379,Hyderabad,Mumbai,2025-12-11,,Cancelled,6020,86,1381,5436,1092,Van
100380,500380,Mumbai,Pune,2026-06-14,2026-06-15,Delayed,9288,108,2507,15375,1088,Mini Truck
100381,500381,Pune,Delhi,2026-05-25,,Cancelled,3268,38,1764,8177,1005,Mini Truck
100382,500382,Bangalore,Bangalore,2026-05-03,,In Transit,8910,90,1518,6301,1022,Mini Truck
100383,500383,Bangalore,Mumbai,2026-04-28,2026-05-03,Delivered,12804,97,2339,17587,1088,Van
100384,500384,Pune,Mumbai,2025-08-16,2025-08-21,Delivered,4756,58,1407,5533,1038,Container
100385,500385,Delhi,Jaipur,2025-02-24,,In Transit,9006,79,2426,7015,1025,Truck
100386,500386,Pune,Ahmedabad,2025-11-02,2025-11-05,Delivered,1716,22,870,4132,1073,Container
100387,500387,Mumbai,Chennai,2025-07-04,2025-07-12,Delayed,2679,47,2634,11125,1008,Truck
100388,500388,Hyderabad,Hyderabad,2025-08-03,2025-08-06,Delayed,7566,78,698,4759,1100,Truck
100389,500389,Mumbai,Kolkata,2026-03-21,2026-03-28,Delivered,4956,59,2005,5063,1069,Mini Truck
100390,500390,Pune,Chennai,2025-01-15,,In Transit,5959,101,2225,5781,1001,Mini Truck
100391,500391,Mumbai,Chennai,2025-11-16,2025-11-23,Delivered,5106,69,2461,8413,1006,Van
100392,500392,Bangalore,Jaipur,2026-06-17,2026-06-23,Delivered,4680,60,598,4771,1063,Van
100393,500393,Mumbai,Pune,2026-02-18,2026-02-22,Delivered,6076,98,587,3837,1076,Mini Truck
100394,500394,Delhi,Chennai,2025-02-08,2025-02-13,Delivered,11742,103,2240,6198,1007,Truck
100395,500395,Pune,Delhi,2025-02-19,2025-02-26,Delivered,3050,61,1607,8854,1061,Mini Truck
100396,500396,Mumbai,Delhi,2025-11-05,2025-11-07,Delivered,6141,89,2181,12923,1090,Mini Truck
100397,500397,Hyderabad,Mumbai,2026-06-08,2026-06-10,Delivered,5535,41,516,1591,1026,Mini Truck
100398,500398,Bangalore,Lucknow,2025-07-26,2025-08-02,Delivered,1680,42,706,3893,1027,Container
100399,500399,Bangalore,Bangalore,2025-01-03,2025-01-05,Delivered,2280,19,2401,12527,1012,Truck
100400,500400,Pune,Mumbai,2025-09-20,2025-09-28,Delivered,3948,42,1131,3139,1023,Truck
100401,500401,Bangalore,Chennai,2025-11-17,2025-11-19,Delivered,612,17,237,1703,1085,Mini Truck
100402,500402,Bangalore,Chennai,2026-03-25,,Cancelled,3198,39,430,3002,1024,Truck
100403,500403,Hyderabad,Ahmedabad,2026-04-13,2026-04-20,Delivered,12741,93,2008,9677,1022,Truck
100404,500404,Mumbai,Delhi,2025-06-13,2025-06-23,Delivered,7986,66,2380,11685,1079,Container
100405,500405,Bangalore,Kolkata,2025-01-30,,In Transit,11232,117,585,4423,1015,Container
100406,500406,Hyderabad,Delhi,2025-03-06,2025-03-12,Delivered,798,6,2199,14491,1093,Mini Truck
100407,500407,Pune,Chennai,2026-06-16,2026-06-26,Delivered,2023,17,1822,11836,1062,Van
100408,500408,Pune,Ahmedabad,2025-06-02,,In Transit,3116,76,2560,6563,1021,Container
100409,500409,Hyderabad,Pune,2025-03-18,2025-03-24,Delayed,2450,35,1405,3901,1029,Container
100410,500410,Hyderabad,Bangalore,2025-03-22,2025-04-01,Delivered,6076,62,410,2033,1016,Container
100411,500411,Pune,Delhi,2025-04-16,2025-04-17,Delivered,2660,76,2299,16190,1078,Van
100412,500412,Chennai,Lucknow,2025-07-31,2025-08-08,Delivered,6720,48,1538,4304,1029,Container
100413,500413,Bangalore,Lucknow,2026-04-30,2026-05-06,Delivered,4704,96,1903,5777,1085,Mini Truck
100414,500414,Delhi,Chennai,2025-12-30,,In Transit,11235,107,1245,6686,1090,Truck
100415,500415,Delhi,Pune,2026-05-20,2026-05-27,Delivered,2034,18,1091,3903,1016,Container
100416,500416,Mumbai,Jaipur,2025-07-15,2025-07-17,Delivered,4040,101,1747,13270,1087,Truck
100417,500417,Hyderabad,Jaipur,2026-06-01,2026-06-09,Delivered,645,5,2222,6148,1056,Container
100418,500418,Chennai,Pune,2025-06-27,2025-06-30,Delayed,2142,18,1636,9493,1042,Container
100419,500419,Hyderabad,Kolkata,2025-09-12,2025-09-18,Delivered,5796,42,1904,6156,1053,Van
100420,500420,Pune,Lucknow,2025-11-18,2025-11-27,Delivered,5100,85,940,3434,1092,Van
100421,500421,Pune,Chennai,2025-05-16,,Cancelled,8712,88,778,4266,1082,Van
100422,500422,Pune,Mumbai,2025-12-27,2026-01-06,Delivered,9750,78,2782,13342,1096,Van
100423,500423,Hyderabad,Delhi,2026-06-20,2026-06-27,Delivered,2760,23,267,750,1035,Mini Truck
100424,500424,Bangalore,Hyderabad,2025-05-30,,In Transit,5673,93,1258,8359,1005,Van
100425,500425,Hyderabad,Mumbai,2025-08-18,2025-08-27,Delayed,5400,54,1023,6970,1090,Van
100426,500426,Pune,Delhi,2026-01-26,2026-02-01,Delivered,2700,75,270,1779,1026,Container
100427,500427,Mumbai,Chennai,2025-07-21,2025-07-25,Delayed,2394,42,1888,14932,1010,Mini Truck
100428,500428,Mumbai,Lucknow,2025-05-03,2025-05-10,Delivered,2720,40,2329,7488,1075,Van
100429,500429,Delhi,Chennai,2026-04-23,2026-04-26,Delivered,760,10,679,3926,1100,Van
100430,500430,Hyderabad,Kolkata,2026-01-02,2026-01-08,Delivered,4176,72,950,5095,1065,Mini Truck
100431,500431,Hyderabad,Lucknow,2026-02-18,2026-02-22,Delivered,14042,118,923,3992,1047,Van
100432,500432,Mumbai,Kolkata,2026-05-02,,Cancelled,3960,110,2709,8481,1045,Container
100433,500433,Mumbai,Kolkata,2025-09-07,,Cancelled,7636,92,1364,10281,1015,Container
100434,500434,Bangalore,Lucknow,2025-10-17,2025-10-26,Delivered,11000,110,1585,10961,1058,Container
100435,500435,Delhi,Hyderabad,2025-07-17,2025-07-19,Delivered,2261,17,735,4012,1001,Truck
100436,500436,Mumbai,Bangalore,2026-03-11,,In Transit,3844,31,2252,16512,1095,Container
100437,500437,Pune,Mumbai,2025-06-07,2025-06-13,Delivered,396,9,408,1141,1033,Truck
100438,500438,Chennai,Bangalore,2025-09-22,2025-09-30,Delivered,7650,85,1706,7233,1050,Truck
100439,500439,Chennai,Delhi,2025-03-06,2025-03-16,Delayed,800,10,347,2638,1014,Van
100440,500440,Pune,Hyderabad,2025-03-30,2025-04-07,Delivered,7420,53,1668,10231,1061,Mini Truck
100441,500441,Chennai,Bangalore,2025-05-20,2025-05-29,Delayed,2226,42,2647,10956,1094,Van
100442,500442,Delhi,Lucknow,2025-05-25,2025-05-26,Delivered,6630,78,2493,13597,1011,Van
100443,500443,Mumbai,Chennai,2025-08-05,2025-08-14,Delivered,1334,23,709,2633,1033,Mini Truck
100444,500444,Delhi,Pune,2025-02-25,,In Transit,8775,75,1939,10709,1038,Truck
100445,500445,Bangalore,Mumbai,2025-07-22,2025-07-30,Delayed,2397,47,1512,9362,1031,Truck
100446,500446,Bangalore,Kolkata,2025-03-13,,In Transit,4140,45,2040,8784,1085,Van
100447,500447,Pune,Kolkata,2025-06-06,2025-06-12,Delivered,9612,108,1345,4610,1041,Mini Truck
100448,500448,Mumbai,Ahmedabad,2025-10-11,,In Transit,2112,22,1408,7104,1046,Van
100449,500449,Hyderabad,Lucknow,2025-04-22,2025-05-02,Delivered,2100,15,1199,3920,1069,Mini Truck
100450,500450,Bangalore,Mumbai,2025-03-19,,In Transit,12995,113,2127,5682,1075,Container
100451,500451,Chennai,Bangalore,2025-02-07,2025-02-16,Delivered,11305,119,2260,13778,1020,Van
100452,500452,Hyderabad,Bangalore,2025-10-25,2025-11-03,Delivered,5950,70,420,1890,1002,Mini Truck
100453,500453,Chennai,Pune,2026-06-11,2026-06-14,Delivered,2889,27,2369,14514,1019,Container
100454,500454,Bangalore,Delhi,2025-08-13,2025-08-17,Delayed,1066,13,1132,4287,1086,Mini Truck
100455,500455,Chennai,Chennai,2026-02-02,2026-02-10,Delivered,4680,117,240,1894,1042,Truck
100456,500456,Pune,Lucknow,2025-10-08,,In Transit,3952,38,2420,13638,1049,Container
100457,500457,Bangalore,Kolkata,2025-03-21,2025-03-28,Delivered,2838,33,2165,9614,1045,Container
100458,500458,Hyderabad,Kolkata,2025-01-07,2025-01-10,Delivered,3904,61,728,2128,1083,Van
100459,500459,Mumbai,Pune,2025-07-11,2025-07-21,Delivered,11424,96,534,2011,1043,Truck
100460,500460,Hyderabad,Jaipur,2026-05-06,2026-05-09,Delivered,3219,87,1733,6655,1017,Mini Truck
100461,500461,Mumbai,Lucknow,2025-02-10,,In Transit,1288,23,279,1093,1024,Container
100462,500462,Chennai,Kolkata,2025-01-20,,In Transit,13720,98,2760,11202,1011,Mini Truck
100463,500463,Hyderabad,Kolkata,2026-04-28,,In Transit,2262,26,948,5502,1075,Mini Truck
100464,500464,Chennai,Lucknow,2025-09-28,2025-10-04,Delivered,6930,63,2493,7176,1049,Container
100465,500465,Mumbai,Mumbai,2025-01-17,2025-01-26,Delivered,12880,92,1769,5877,1013,Mini Truck
100466,500466,Hyderabad,Kolkata,2025-02-09,,In Transit,9563,73,2111,6641,1062,Mini Truck
100467,500467,Chennai,Lucknow,2025-01-02,,In Transit,9360,104,2709,14550,1048,Truck
100468,500468,Pune,Lucknow,2026-03-16,2026-03-24,Delivered,8374,106,1611,9246,1095,Truck
100469,500469,Hyderabad,Pune,2025-09-18,2025-09-22,Delivered,8094,114,393,2275,1070,Container
100470,500470,Bangalore,Bangalore,2025-01-06,2025-01-07,Delivered,3900,78,2190,11735,1049,Mini Truck
100471,500471,Pune,Chennai,2026-02-23,2026-02-26,Delivered,6431,59,2718,10586,1069,Container
100472,500472,Chennai,Chennai,2025-10-10,,Cancelled,4785,55,884,4894,1072,Container
100473,500473,Mumbai,Chennai,2026-05-11,2026-05-16,Delivered,10452,78,1460,9315,1095,Mini Truck
100474,500474,Pune,Mumbai,2025-08-24,2025-08-27,Delivered,1700,17,928,4364,1044,Truck
100475,500475,Mumbai,Ahmedabad,2025-01-06,2025-01-09,Delayed,5850,65,2508,7485,1034,Mini Truck
100476,500476,Bangalore,Mumbai,2025-02-08,2025-02-15,Delayed,8383,83,2737,11154,1077,Truck
100477,500477,Mumbai,Jaipur,2026-03-26,2026-04-04,Delivered,1599,41,847,5769,1066,Mini Truck
100478,500478,Chennai,Pune,2025-02-06,2025-02-07,Delivered,1750,25,405,2749,1046,Container
100479,500479,Hyderabad,Kolkata,2025-07-25,2025-07-27,Delivered,1136,16,2301,14942,1072,Van
100480,500480,Bangalore,Hyderabad,2025-08-20,2025-08-24,Delivered,6804,63,1704,4303,1023,Container
100481,500481,Chennai,Mumbai,2025-03-16,2025-03-22,Delivered,1273,19,2152,15749,1074,Van
100482,500482,Pune,Jaipur,2026-01-22,2026-01-26,Delivered,13534,101,1441,7239,1059,Truck
100483,500483,Hyderabad,Mumbai,2025-09-22,2025-09-26,Delivered,12467,91,991,4198,1046,Truck
100484,500484,Pune,Hyderabad,2025-09-12,2025-09-19,Delivered,4004,91,1450,8047,1023,Container
100485,500485,Bangalore,Chennai,2025-08-12,,In Transit,5070,39,798,4993,1025,Container
100486,500486,Pune,Bangalore,2025-08-29,2025-09-03,Delayed,1860,31,988,7007,1080,Van
100487,500487,Mumbai,Mumbai,2025-05-03,,In Transit,8918,91,2767,16259,1098,Truck
100488,500488,Hyderabad,Chennai,2025-11-19,2025-11-29,Delivered,11252,116,1175,4119,1098,Van
100489,500489,Hyderabad,Bangalore,2025-05-12,2025-05-19,Delivered,2574,66,2264,11916,1051,Mini Truck
100490,500490,Hyderabad,Mumbai,2026-06-15,2026-06-16,Delivered,498,6,913,5200,1042,Van
100491,500491,Chennai,Hyderabad,2025-07-11,2025-07-15,Delivered,4407,39,1980,8686,1024,Container
100492,500492,Hyderabad,Bangalore,2026-03-06,2026-03-12,Delivered,3570,51,1690,8414,1074,Mini Truck
100493,500493,Chennai,Bangalore,2025-04-13,2025-04-17,Delayed,6308,76,1820,6512,1095,Mini Truck
100494,500494,Hyderabad,Delhi,2025-06-30,2025-07-03,Delivered,12019,119,2633,14315,1041,Container
100495,500495,Bangalore,Hyderabad,2025-02-18,2025-02-21,Delivered,1668,12,932,3633,1081,Truck
100496,500496,Hyderabad,Chennai,2025-09-24,2025-10-03,Delivered,6004,76,1105,2883,1016,Van
100497,500497,Pune,Kolkata,2025-07-23,2025-08-01,Delivered,2160,27,1215,5209,1066,Container
100498,500498,Pune,Jaipur,2025-03-22,2025-03-27,Delivered,3392,64,2637,19185,1082,Van
100499,500499,Hyderabad,Kolkata,2026-02-19,,In Transit,770,14,374,1641,1041,Van
100500,500500,Pune,Hyderabad,2025-10-01,2025-10-08,Delivered,5226,39,1872,13563,1047,Container
100501,500501,Hyderabad,Pune,2025-07-08,,In Transit,2499,21,1011,3926,1096,Truck
100502,500502,Mumbai,Pune,2026-02-11,2026-02-13,Delivered,12285,117,1988,5558,1099,Container
100503,500503,Chennai,Mumbai,2025-04-17,2025-04-20,Delivered,1260,15,2732,11478,1032,Van
100504,500504,Hyderabad,Pune,2025-05-15,2025-05-18,Delivered,952,8,193,861,1042,Container
100505,500505,Hyderabad,Lucknow,2025-10-06,2025-10-09,Delivered,5358,94,2258,12982,1059,Container
100506,500506,Chennai,Lucknow,2025-11-14,,In Transit,4224,66,2260,15652,1057,Van
100507,500507,Bangalore,Ahmedabad,2025-09-24,2025-09-25,Delivered,695,5,2193,14628,1018,Van
100508,500508,Bangalore,Jaipur,2025-01-09,2025-01-17,Delivered,7373,101,2004,5110,1056,Van
100509,500509,Chennai,Bangalore,2025-01-08,2025-01-12,Delivered,5130,57,2346,10958,1021,Container
100510,500510,Hyderabad,Bangalore,2025-09-27,2025-10-01,Delivered,9798,71,2561,16176,1035,Van
100511,500511,Pune,Lucknow,2025-10-03,2025-10-05,Delivered,2016,28,609,1892,1059,Container
100512,500512,Bangalore,Kolkata,2026-05-19,2026-05-20,Delivered,2472,24,253,663,1014,Van
100513,500513,Bangalore,Pune,2026-03-25,2026-03-29,Delayed,576,16,667,3478,1044,Container
100514,500514,Bangalore,Jaipur,2026-01-16,2026-01-17,Delivered,6157,47,378,2923,1008,Van
100515,500515,Hyderabad,Mumbai,2026-04-27,2026-05-02,Delivered,3924,109,1612,5111,1099,Mini Truck
100516,500516,Hyderabad,Jaipur,2025-09-11,2025-09-12,Delayed,3870,30,1937,13056,1067,Mini Truck
100517,500517,Hyderabad,Ahmedabad,2025-11-16,,In Transit,3200,25,2627,7177,1071,Truck
100518,500518,Bangalore,Jaipur,2025-11-02,2025-11-03,Delivered,7130,115,2780,21831,1031,Container
100519,500519,Bangalore,Delhi,2025-06-21,2025-07-01,Delayed,2720,20,1671,6411,1006,Container
100520,500520,Pune,Kolkata,2025-06-08,2025-06-10,Delivered,3528,36,695,2086,1080,Van
100521,500521,Pune,Delhi,2025-03-03,2025-03-06,Delivered,12784,94,2246,6941,1063,Mini Truck
100522,500522,Bangalore,Lucknow,2025-12-22,2025-12-30,Delayed,3626,98,840,5284,1046,Mini Truck
100523,500523,Bangalore,Delhi,2026-05-12,2026-05-21,Delivered,5208,42,2273,11809,1073,Mini Truck
100524,500524,Chennai,Chennai,2025-11-28,2025-12-03,Delayed,12180,116,2502,8461,1068,Mini Truck
100525,500525,Hyderabad,Hyderabad,2025-09-27,2025-10-05,Delivered,495,5,2663,12209,1024,Truck
100526,500526,Chennai,Chennai,2025-09-02,2025-09-04,Delivered,12371,89,2257,10452,1068,Container
100527,500527,Chennai,Pune,2025-10-17,2025-10-23,Delivered,1919,19,444,2719,1006,Mini Truck
100528,500528,Mumbai,Delhi,2025-07-26,2025-07-30,Delivered,1836,17,180,1085,1050,Container
100529,500529,Chennai,Kolkata,2025-09-20,2025-09-24,Delivered,2952,82,340,2589,1027,Container
100530,500530,Delhi,Jaipur,2025-03-04,2025-03-11,Delivered,14960,110,1561,9984,1079,Van
100531,500531,Chennai,Delhi,2025-03-14,,In Transit,1414,14,934,2833,1093,Mini Truck
100532,500532,Chennai,Ahmedabad,2025-07-14,2025-07-18,Delivered,4389,77,2611,14546,1072,Container
100533,500533,Pune,Mumbai,2026-01-02,2026-01-09,Delivered,6608,118,476,3264,1071,Container
100534,500534,Chennai,Chennai,2025-06-11,2025-06-21,Delivered,4575,61,1493,8249,1042,Van
100535,500535,Hyderabad,Ahmedabad,2025-11-28,2025-12-08,Delivered,6142,74,926,6214,1096,Van
100536,500536,Bangalore,Jaipur,2026-04-04,,Cancelled,355,5,191,1103,1067,Mini Truck
100537,500537,Bangalore,Delhi,2025-11-04,,Cancelled,1184,32,1339,9029,1089,Van
100538,500538,Chennai,Lucknow,2025-06-08,2025-06-16,Delivered,2600,50,689,2726,1075,Mini Truck
100539,500539,Mumbai,Hyderabad,2025-11-04,2025-11-11,Delivered,9856,77,940,2749,1042,Container
100540,500540,Mumbai,Jaipur,2025-04-08,2025-04-13,Delivered,747,9,2410,7065,1008,Van
100541,500541,Bangalore,Ahmedabad,2026-03-03,,In Transit,2600,20,978,5956,1078,Truck
100542,500542,Pune,Ahmedabad,2025-02-25,2025-02-26,Delivered,4815,45,2261,7512,1065,Mini Truck
100543,500543,Mumbai,Delhi,2026-02-07,,Cancelled,10908,101,2487,13121,1029,Container
100544,500544,Bangalore,Ahmedabad,2025-06-01,2025-06-03,Delivered,8450,65,2390,6623,1052,Van
100545,500545,Delhi,Ahmedabad,2026-05-29,2026-06-01,Delivered,9792,102,602,3356,1063,Container
100546,500546,Pune,Kolkata,2025-07-20,2025-07-29,Delivered,1584,36,1042,4130,1056,Van
100547,500547,Pune,Kolkata,2025-04-02,2025-04-09,Delivered,4661,59,1546,5484,1045,Truck
100548,500548,Bangalore,Pune,2025-12-25,2026-01-02,Delivered,7644,84,647,1777,1030,Mini Truck
100549,500549,Pune,Chennai,2025-06-09,2025-06-11,Delayed,1254,19,273,2107,1019,Van
100550,500550,Delhi,Chennai,2025-04-24,2025-05-02,Delivered,427,7,1409,9257,1028,Mini Truck
100551,500551,Chennai,Lucknow,2025-09-22,2025-10-02,Delivered,12054,98,628,3983,1003,Container
100552,500552,Chennai,Lucknow,2025-02-14,2025-02-15,Delivered,5576,41,872,5520,1035,Truck
100553,500553,Hyderabad,Delhi,2025-03-10,2025-03-15,Delivered,7209,89,2753,19969,1003,Van
100554,500554,Pune,Ahmedabad,2025-08-25,,Cancelled,5250,70,457,2360,1077,Truck
100555,500555,Mumbai,Bangalore,2026-05-28,,Cancelled,3040,76,138,532,1068,Van
100556,500556,Bangalore,Jaipur,2026-02-07,2026-02-08,Delayed,3920,49,1491,8854,1031,Van
100557,500557,Delhi,Hyderabad,2026-02-01,,In Transit,11554,109,170,1312,1029,Mini Truck
100558,500558,Bangalore,Ahmedabad,2025-05-21,2025-05-28,Delivered,8165,71,2558,16053,1054,Mini Truck
100559,500559,Chennai,Pune,2026-03-13,,Cancelled,7544,82,1398,7664,1027,Mini Truck
100560,500560,Chennai,Lucknow,2025-07-27,,In Transit,2288,44,2195,10679,1099,Mini Truck
100561,500561,Pune,Kolkata,2025-06-11,2025-06-20,Delivered,4234,73,534,2267,1019,Truck
100562,500562,Bangalore,Ahmedabad,2026-02-26,2026-03-03,Delivered,1152,24,819,2640,1004,Van
100563,500563,Chennai,Kolkata,2025-08-25,2025-08-29,Delivered,7360,92,156,458,1100,Container
100564,500564,Mumbai,Lucknow,2026-04-26,2026-05-02,Delivered,2716,28,1637,8358,1021,Mini Truck
100565,500565,Mumbai,Delhi,2026-02-23,2026-02-24,Delayed,2457,39,1741,11461,1026,Mini Truck
100566,500566,Delhi,Pune,2026-03-26,,In Transit,6231,67,1380,10186,1055,Container
100567,500567,Delhi,Kolkata,2026-01-25,2026-02-01,Delayed,9213,83,2392,13033,1083,Truck
100568,500568,Chennai,Mumbai,2026-04-08,2026-04-09,Delivered,11817,117,1056,5763,1095,Truck
100569,500569,Chennai,Ahmedabad,2026-06-13,2026-06-14,Delayed,2639,29,1242,5824,1039,Van
100570,500570,Hyderabad,Pune,2026-03-09,2026-03-10,Delivered,4929,93,2167,10942,1083,Container
100571,500571,Delhi,Lucknow,2025-04-26,2025-05-06,Delivered,6188,119,2288,10666,1042,Container
100572,500572,Delhi,Pune,2026-04-10,2026-04-14,Delivered,5382,117,1912,7409,1089,Mini Truck
100573,500573,Pune,Mumbai,2025-04-04,2025-04-12,Delivered,3870,86,1536,8265,1050,Mini Truck
100574,500574,Hyderabad,Lucknow,2026-01-25,2026-01-28,Delivered,5593,47,2366,17140,1021,Mini Truck
100575,500575,Mumbai,Delhi,2026-03-06,2026-03-14,Delivered,2378,41,2615,8228,1017,Mini Truck
100576,500576,Delhi,Kolkata,2025-09-17,2025-09-25,Delivered,11856,114,2092,14520,1078,Container
100577,500577,Mumbai,Bangalore,2026-05-03,2026-05-11,Delivered,1665,15,2512,6370,1071,Van
100578,500578,Chennai,Lucknow,2025-08-01,2025-08-04,Delivered,948,12,2725,7362,1005,Van
100579,500579,Bangalore,Mumbai,2025-02-20,2025-02-23,Delivered,2825,25,1214,7447,1090,Mini Truck
100580,500580,Hyderabad,Kolkata,2026-01-04,,In Transit,1216,16,1275,5772,1049,Truck
100581,500581,Hyderabad,Lucknow,2025-03-08,2025-03-11,Delivered,1540,20,1174,6338,1068,Mini Truck
100582,500582,Pune,Bangalore,2025-03-01,2025-03-10,Delivered,2032,16,2031,12770,1091,Van
100583,500583,Hyderabad,Kolkata,2025-11-21,2025-12-01,Delivered,4284,84,1499,8812,1064,Container
100584,500584,Hyderabad,Pune,2025-08-27,2025-08-31,Delivered,190,5,534,2700,1016,Mini Truck
100585,500585,Chennai,Ahmedabad,2026-02-28,2026-03-06,Delivered,4712,76,2661,6817,1026,Van
100586,500586,Bangalore,Mumbai,2025-11-12,2025-11-21,Delivered,2254,46,75,470,1044,Container
100587,500587,Pune,Kolkata,2025-01-30,,In Transit,2262,29,1403,10624,1062,Container
100588,500588,Delhi,Pune,2026-05-09,2026-05-17,Delivered,9163,119,2249,11343,1053,Truck
100589,500589,Chennai,Hyderabad,2025-11-20,2025-11-21,Delivered,3782,31,2415,10443,1046,Truck
100590,500590,Mumbai,Hyderabad,2025-02-01,2025-02-08,Delivered,4760,85,2238,12623,1050,Mini Truck
100591,500591,Chennai,Mumbai,2025-11-12,2025-11-18,Delivered,6555,95,179,854,1064,Mini Truck
100592,500592,Bangalore,Jaipur,2025-11-06,2025-11-11,Delivered,2214,27,509,3469,1100,Mini Truck
100593,500593,Delhi,Jaipur,2026-06-03,2026-06-11,Delivered,6480,120,2098,7439,1062,Van
100594,500594,Bangalore,Pune,2025-04-11,,In Transit,4331,71,593,3845,1059,Container
100595,500595,Pune,Lucknow,2025-04-29,2025-04-30,Delivered,4232,92,2484,10763,1006,Truck
100596,500596,Chennai,Hyderabad,2025-01-24,2025-01-29,Delivered,6536,86,909,3275,1037,Van
100597,500597,Chennai,Chennai,2026-03-28,2026-04-02,Delivered,1680,24,695,2175,1080,Truck
100598,500598,Mumbai,Lucknow,2025-12-25,2025-12-30,Delivered,2484,23,1210,4654,1010,Van
100599,500599,Chennai,Chennai,2026-03-31,2026-04-01,Delivered,3120,65,256,1180,1012,Container
100600,500600,Hyderabad,Pune,2026-04-02,2026-04-07,Delivered,5922,47,861,5743,1069,Truck
100601,500601,Hyderabad,Kolkata,2025-05-15,2025-05-23,Delivered,1258,17,1916,12003,1091,Container
100602,500602,Hyderabad,Bangalore,2025-08-18,2025-08-28,Delivered,3230,38,1538,5395,1086,Van
100603,500603,Bangalore,Jaipur,2026-05-15,2026-05-23,Delivered,1824,19,1489,7499,1022,Van
100604,500604,Bangalore,Kolkata,2025-05-11,2025-05-18,Delivered,8284,109,488,2712,1010,Van
100605,500605,Chennai,Jaipur,2026-02-15,2026-02-19,Delivered,8820,84,1048,3536,1062,Container
100606,500606,Delhi,Chennai,2025-08-02,2025-08-12,Delayed,6420,60,1833,12519,1070,Mini Truck
100607,500607,Mumbai,Mumbai,2026-05-14,2026-05-24,Delivered,6784,64,1382,4197,1057,Mini Truck
100608,500608,Bangalore,Ahmedabad,2025-03-13,2025-03-23,Delivered,7828,103,1602,8360,1085,Truck
100609,500609,Delhi,Bangalore,2025-05-23,,In Transit,16560,120,2655,6640,1019,Mini Truck
100610,500610,Hyderabad,Lucknow,2025-10-26,2025-11-05,Delivered,3782,62,851,5317,1041,Van
100611,500611,Chennai,Hyderabad,2026-03-22,2026-03-28,Delivered,576,16,2436,14282,1066,Container
100612,500612,Mumbai,Hyderabad,2025-03-05,2025-03-14,Delivered,1375,11,53,295,1046,Truck
100613,500613,Bangalore,Delhi,2025-08-29,2025-09-08,Delivered,4125,55,2610,16742,1052,Container
100614,500614,Hyderabad,Lucknow,2025-08-05,2025-08-13,Delivered,2332,22,820,3784,1047,Container
100615,500615,Mumbai,Hyderabad,2025-05-09,2025-05-11,Delivered,4611,87,114,737,1063,Container
100616,500616,Mumbai,Mumbai,2025-05-21,2025-05-28,Delivered,15525,115,1917,12124,1055,Mini Truck
100617,500617,Hyderabad,Lucknow,2026-03-11,2026-03-19,Delivered,3402,54,1505,5300,1078,Truck
100618,500618,Chennai,Jaipur,2025-08-31,2025-09-05,Delivered,6156,57,2287,10333,1005,Container
100619,500619,Pune,Chennai,2025-04-26,2025-04-28,Delivered,3013,23,2206,14965,1060,Truck
100620,500620,Chennai,Kolkata,2025-04-01,2025-04-03,Delivered,9568,92,2645,18222,1040,Truck
100621,500621,Bangalore,Lucknow,2025-01-12,2025-01-21,Delivered,12960,120,1971,12882,1054,Van
100622,500622,Bangalore,Hyderabad,2025-06-21,2025-07-01,Delivered,12800,100,1295,8828,1034,Truck
100623,500623,Pune,Jaipur,2025-06-23,2025-06-28,Delivered,4104,108,2607,10630,1011,Mini Truck
100624,500624,Chennai,Mumbai,2025-10-12,2025-10-22,Delivered,2680,40,1177,3034,1015,Mini Truck
100625,500625,Chennai,Pune,2026-04-03,2026-04-06,Delivered,3686,38,1017,3553,1068,Truck
100626,500626,Bangalore,Mumbai,2025-05-29,2025-06-01,Delivered,14672,112,2081,16574,1099,Container
100627,500627,Mumbai,Jaipur,2025-06-21,2025-06-27,Delivered,748,11,2680,17835,1015,Truck
100628,500628,Mumbai,Jaipur,2026-02-13,2026-02-21,Delivered,6400,100,2231,10237,1091,Container
100629,500629,Hyderabad,Hyderabad,2025-05-29,2025-06-05,Delivered,822,6,1232,6121,1087,Van
100630,500630,Chennai,Delhi,2025-04-10,,In Transit,7740,86,1499,8780,1084,Van
100631,500631,Bangalore,Hyderabad,2025-10-01,2025-10-06,Delayed,7480,88,2442,12298,1087,Mini Truck
100632,500632,Pune,Kolkata,2025-07-19,2025-07-22,Delivered,1620,45,2293,14217,1009,Truck
100633,500633,Hyderabad,Mumbai,2026-06-22,2026-06-30,Delivered,6223,49,948,3847,1025,Truck
100634,500634,Delhi,Kolkata,2025-04-05,2025-04-15,Delivered,9879,89,938,5636,1091,Truck
100635,500635,Delhi,Kolkata,2025-05-14,2025-05-24,Delivered,5243,107,806,5098,1033,Van
100636,500636,Hyderabad,Mumbai,2026-04-10,,In Transit,4920,40,1798,13428,1099,Van
100637,500637,Bangalore,Pune,2025-03-17,2025-03-18,Delivered,4081,53,1641,13091,1034,Van
100638,500638,Mumbai,Jaipur,2025-03-13,2025-03-17,Delivered,4731,83,1658,10031,1014,Mini Truck
100639,500639,Chennai,Ahmedabad,2025-08-12,2025-08-14,Delivered,2928,61,1110,2987,1010,Van
100640,500640,Hyderabad,Delhi,2026-05-25,2026-05-26,Delivered,756,9,2772,10992,1090,Van
100641,500641,Hyderabad,Kolkata,2025-01-04,2025-01-12,Delivered,5676,66,1836,13113,1100,Truck
100642,500642,Chennai,Bangalore,2025-01-04,2025-01-12,Delivered,2060,20,2373,18136,1046,Van
100643,500643,Pune,Hyderabad,2026-02-15,2026-02-17,Delivered,3978,51,2239,6588,1059,Van
100644,500644,Pune,Bangalore,2025-06-30,2025-07-07,Delivered,6497,89,832,5264,1014,Van
100645,500645,Hyderabad,Mumbai,2026-03-25,2026-03-28,Delayed,342,9,840,5425,1076,Mini Truck
100646,500646,Hyderabad,Ahmedabad,2025-03-06,2025-03-11,Delayed,9384,68,2237,11120,1003,Truck
100647,500647,Bangalore,Delhi,2025-12-12,2025-12-13,Delayed,3472,56,534,3705,1086,Container
100648,500648,Pune,Lucknow,2025-06-02,2025-06-06,Delayed,1806,14,201,659,1084,Truck
100649,500649,Hyderabad,Kolkata,2025-02-16,2025-02-19,Delivered,690,6,755,2094,1040,Truck
100650,500650,Hyderabad,Kolkata,2025-06-24,,In Transit,637,13,485,2538,1079,Mini Truck
100651,500651,Delhi,Bangalore,2026-03-13,2026-03-20,Delivered,5612,46,544,3083,1018,Van
100652,500652,Mumbai,Delhi,2025-06-27,2025-06-29,Delivered,5240,40,628,3003,1090,Van
100653,500653,Chennai,Pune,2026-03-26,2026-04-05,Delivered,470,10,596,4083,1081,Container
100654,500654,Mumbai,Delhi,2026-05-14,2026-05-15,Delivered,3375,27,415,2525,1037,Container
100655,500655,Pune,Jaipur,2025-05-10,2025-05-15,Delivered,6177,71,1894,7227,1023,Truck
100656,500656,Chennai,Pune,2026-05-27,2026-05-29,Delivered,6715,85,1283,6162,1072,Mini Truck
100657,500657,Mumbai,Mumbai,2025-04-08,2025-04-17,Delivered,6486,69,948,6386,1085,Mini Truck
100658,500658,Bangalore,Delhi,2025-07-18,2025-07-21,Delivered,9016,92,1993,6915,1086,Truck
100659,500659,Delhi,Chennai,2025-10-19,2025-10-24,Delivered,6486,47,2576,19050,1059,Truck
100660,500660,Delhi,Delhi,2025-06-30,2025-07-01,Delivered,3283,67,2159,6238,1031,Container
100661,500661,Chennai,Kolkata,2025-11-30,2025-12-06,Delivered,2584,34,501,1880,1031,Container
100662,500662,Mumbai,Ahmedabad,2025-08-14,2025-08-24,Delivered,6030,67,272,896,1079,Container
100663,500663,Mumbai,Ahmedabad,2026-01-18,2026-01-22,Delivered,5865,85,1518,5483,1017,Truck
100664,500664,Pune,Kolkata,2025-03-03,2025-03-05,Delivered,10602,114,1956,9389,1098,Van
100665,500665,Mumbai,Hyderabad,2025-06-10,2025-06-20,Delayed,12960,120,746,5845,1030,Truck
100666,500666,Hyderabad,Lucknow,2026-05-16,,In Transit,3040,32,2473,17566,1036,Truck
100667,500667,Pune,Ahmedabad,2025-09-10,2025-09-17,Delivered,8690,79,960,7396,1074,Truck
100668,500668,Hyderabad,Delhi,2025-02-11,,Cancelled,3822,98,2115,10239,1051,Container
100669,500669,Pune,Mumbai,2026-04-09,2026-04-11,Delivered,9348,76,100,652,1028,Mini Truck
100670,500670,Bangalore,Hyderabad,2025-09-02,2025-09-04,Delivered,840,7,2015,8415,1091,Container
100671,500671,Chennai,Kolkata,2025-01-25,,Cancelled,8000,64,617,2918,1048,Container
100672,500672,Pune,Delhi,2025-03-14,2025-03-20,Delivered,5184,72,183,886,1035,Mini Truck
100673,500673,Pune,Mumbai,2025-12-10,2025-12-11,Delayed,2870,70,1540,4789,1047,Container
100674,500674,Chennai,Delhi,2026-01-10,2026-01-19,Delivered,10070,95,324,2074,1027,Mini Truck
100675,500675,Bangalore,Bangalore,2025-04-27,2025-05-07,Delivered,15196,116,909,5997,1029,Van
100676,500676,Bangalore,Hyderabad,2026-05-31,2026-06-05,Delivered,902,11,309,1359,1063,Truck
100677,500677,Hyderabad,Lucknow,2025-10-27,2025-11-02,Delivered,6313,107,318,2354,1059,Truck
100678,500678,Delhi,Ahmedabad,2025-07-03,2025-07-05,Delivered,1260,18,724,2256,1019,Container
100679,500679,Mumbai,Bangalore,2026-06-18,,Cancelled,616,7,1250,9790,1070,Mini Truck
100680,500680,Hyderabad,Chennai,2026-03-07,2026-03-08,Delivered,1806,42,824,2159,1030,Van
100681,500681,Hyderabad,Kolkata,2025-12-18,2025-12-24,Delivered,8040,67,2480,15705,1071,Container
100682,500682,Hyderabad,Hyderabad,2025-05-16,,In Transit,5984,44,753,2959,1062,Van
100683,500683,Bangalore,Delhi,2025-06-01,2025-06-09,Delivered,1430,26,2583,16569,1037,Mini Truck
100684,500684,Mumbai,Pune,2025-06-15,2025-06-16,Delivered,2295,45,2403,11834,1048,Mini Truck
100685,500685,Mumbai,Lucknow,2025-02-05,2025-02-11,Delivered,2116,23,1577,8625,1021,Van
100686,500686,Delhi,Delhi,2026-02-19,,In Transit,9579,103,645,4903,1020,Truck
100687,500687,Pune,Lucknow,2026-06-04,2026-06-09,Delivered,8515,65,1237,9764,1074,Mini Truck
100688,500688,Chennai,Jaipur,2025-12-13,2025-12-21,Delivered,6240,120,214,1333,1015,Van
100689,500689,Delhi,Ahmedabad,2025-08-14,2025-08-16,Delivered,5152,46,275,1657,1075,Mini Truck
100690,500690,Bangalore,Bangalore,2025-01-24,2025-02-01,Delivered,4186,91,2800,22027,1051,Mini Truck
100691,500691,Hyderabad,Chennai,2026-06-08,,In Transit,7650,90,1528,5063,1055,Van
100692,500692,Hyderabad,Chennai,2025-01-13,2025-01-19,Delivered,4664,44,1875,5590,1094,Container
100693,500693,Pune,Ahmedabad,2026-03-30,2026-04-06,Delivered,5096,98,1746,12388,1077,Truck
100694,500694,Mumbai,Bangalore,2025-11-07,2025-11-16,Delivered,5170,47,320,2130,1012,Truck
100695,500695,Hyderabad,Hyderabad,2026-03-01,2026-03-09,Delivered,12445,95,2376,17895,1026,Mini Truck
100696,500696,Hyderabad,Hyderabad,2026-05-18,2026-05-23,Delivered,8103,111,2447,12767,1095,Container
100697,500697,Mumbai,Delhi,2025-01-03,2025-01-08,Delivered,8170,86,2657,8457,1086,Van
100698,500698,Hyderabad,Pune,2026-05-19,,In Transit,3306,87,1052,3320,1036,Container
100699,500699,Delhi,Kolkata,2026-01-06,2026-01-16,Delivered,6900,60,1106,6937,1089,Truck
100700,500700,Bangalore,Lucknow,2025-01-18,,In Transit,1050,25,2432,8034,1060,Mini Truck
100701,500701,Bangalore,Pune,2025-02-24,2025-03-03,Delivered,3526,86,1508,6174,1068,Truck
100702,500702,Chennai,Bangalore,2025-07-07,2025-07-17,Delayed,10504,101,734,3137,1041,Van
100703,500703,Bangalore,Chennai,2025-04-09,2025-04-15,Delivered,3960,110,638,2075,1037,Van
100704,500704,Hyderabad,Ahmedabad,2025-12-15,,In Transit,1550,25,469,1571,1029,Mini Truck
100705,500705,Chennai,Kolkata,2026-06-23,,In Transit,11904,96,2307,15363,1015,Container
100706,500706,Hyderabad,Mumbai,2025-04-30,2025-05-01,Delayed,4884,66,1476,9299,1018,Container
100707,500707,Chennai,Lucknow,2025-12-17,2025-12-22,Delivered,504,8,535,1716,1089,Mini Truck
100708,500708,Pune,Bangalore,2025-11-11,2025-11-14,Delivered,1845,15,1790,11986,1015,Truck
100709,500709,Delhi,Jaipur,2026-03-18,2026-03-20,Delivered,900,9,2752,15858,1061,Truck
100710,500710,Bangalore,Delhi,2025-03-09,2025-03-10,Delivered,13635,101,445,1415,1078,Mini Truck
100711,500711,Chennai,Bangalore,2025-07-09,2025-07-10,Delivered,2080,16,646,4961,1075,Van
100712,500712,Bangalore,Pune,2026-05-28,2026-06-07,Delayed,3745,35,2118,6091,1075,Truck
100713,500713,Chennai,Bangalore,2025-07-16,,Cancelled,910,26,2250,17673,1013,Mini Truck
100714,500714,Chennai,Jaipur,2026-01-11,2026-01-14,Delivered,3538,61,489,3467,1049,Container
100715,500715,Mumbai,Lucknow,2025-08-22,2025-08-28,Delivered,980,20,1958,10491,1064,Van
100716,500716,Pune,Hyderabad,2025-02-11,2025-02-19,Delivered,1349,19,1626,8151,1095,Van
100717,500717,Pune,Jaipur,2025-08-20,2025-08-25,Delivered,6726,114,1802,12996,1061,Van
100718,500718,Mumbai,Delhi,2026-05-19,2026-05-26,Delivered,7259,61,2190,13623,1016,Mini Truck
100719,500719,Hyderabad,Ahmedabad,2025-04-15,2025-04-18,Delayed,780,13,1539,6713,1077,Container
100720,500720,Delhi,Bangalore,2026-03-11,2026-03-16,Delayed,11220,102,2433,9735,1083,Container
100721,500721,Bangalore,Jaipur,2026-02-19,,Cancelled,3710,70,1192,8015,1014,Truck
100722,500722,Bangalore,Jaipur,2026-05-25,2026-05-28,Delivered,1032,8,457,1275,1009,Container
100723,500723,Pune,Delhi,2025-07-03,2025-07-09,Delivered,2736,24,1290,7646,1098,Truck
100724,500724,Pune,Lucknow,2026-05-20,2026-05-24,Delayed,4116,42,2761,14347,1034,Van
100725,500725,Chennai,Lucknow,2025-01-19,,Cancelled,450,9,1812,8353,1041,Container
100726,500726,Hyderabad,Jaipur,2025-02-06,2025-02-15,Delivered,11125,89,1291,4393,1056,Mini Truck
100727,500727,Bangalore,Ahmedabad,2026-05-15,2026-05-25,Delayed,10829,91,2059,11418,1070,Container
100728,500728,Hyderabad,Lucknow,2025-06-10,2025-06-17,Delivered,4180,38,2076,16275,1079,Van
100729,500729,Bangalore,Chennai,2025-03-04,2025-03-05,Delivered,1659,21,1550,10776,1075,Truck
100730,500730,Pune,Chennai,2026-01-25,2026-01-31,Delivered,3950,50,1737,4881,1032,Mini Truck
100731,500731,Mumbai,Hyderabad,2025-03-28,,In Transit,637,13,1298,5655,1003,Van
100732,500732,Delhi,Jaipur,2026-03-09,2026-03-16,Delivered,4836,39,133,676,1003,Van
100733,500733,Hyderabad,Kolkata,2026-02-04,2026-02-06,Delivered,5076,108,2050,12914,1027,Van
100734,500734,Hyderabad,Lucknow,2025-12-14,2025-12-19,Delivered,3060,51,1835,9602,1010,Mini Truck
100735,500735,Bangalore,Hyderabad,2025-02-18,2025-02-28,Delivered,6384,56,975,6421,1012,Truck
100736,500736,Chennai,Chennai,2025-10-07,2025-10-16,Delivered,3965,65,1799,7934,1010,Van
100737,500737,Chennai,Hyderabad,2026-03-20,2026-03-26,Delivered,2580,30,1747,6781,1066,Container
100738,500738,Pune,Lucknow,2025-07-04,,In Transit,4930,85,2164,12275,1028,Container
100739,500739,Bangalore,Lucknow,2026-03-21,,In Transit,4116,98,2617,14059,1047,Container
100740,500740,Mumbai,Bangalore,2025-06-04,2025-06-09,Delayed,9831,113,1833,7795,1009,Mini Truck
100741,500741,Hyderabad,Hyderabad,2025-10-21,2025-10-26,Delivered,5980,92,2512,11887,1015,Mini Truck
100742,500742,Mumbai,Delhi,2025-09-09,2025-09-14,Delayed,6784,64,2038,16206,1055,Truck
100743,500743,Mumbai,Pune,2025-10-07,2025-10-12,Delivered,12614,106,1187,6562,1083,Truck
100744,500744,Pune,Jaipur,2025-01-21,2025-01-23,Delivered,3285,45,2514,18275,1053,Van
100745,500745,Pune,Mumbai,2026-02-11,,In Transit,6305,97,625,1947,1095,Truck
100746,500746,Chennai,Kolkata,2026-06-22,2026-06-24,Delivered,1750,35,2506,16921,1041,Van
100747,500747,Chennai,Ahmedabad,2025-08-30,,In Transit,1536,32,640,2216,1036,Container
100748,500748,Hyderabad,Hyderabad,2025-02-27,2025-03-05,Delivered,7050,94,512,2816,1061,Mini Truck
100749,500749,Bangalore,Pune,2026-01-07,2026-01-13,Delivered,4070,110,1312,7937,1078,Truck
100750,500750,Pune,Delhi,2025-09-03,2025-09-10,Delivered,5456,44,2667,11990,1088,Truck
100751,500751,Chennai,Bangalore,2026-03-30,2026-04-06,Delivered,1702,37,1282,9807,1097,Mini Truck
100752,500752,Bangalore,Bangalore,2025-06-14,,In Transit,11730,85,1349,9061,1053,Truck
100753,500753,Bangalore,Mumbai,2026-05-19,2026-05-26,Delivered,14112,112,1412,6810,1013,Mini Truck
100754,500754,Pune,Hyderabad,2026-06-03,2026-06-10,Delivered,10578,82,2293,9853,1089,Truck
100755,500755,Delhi,Pune,2026-03-31,2026-04-03,Delayed,300,5,1691,10070,1041,Truck
100756,500756,Delhi,Pune,2025-09-13,2025-09-16,Delivered,13786,113,2483,11810,1041,Container
100757,500757,Hyderabad,Pune,2025-09-24,2025-10-04,Delivered,15070,110,1391,5633,1011,Container
100758,500758,Bangalore,Pune,2026-02-07,,In Transit,6993,111,2386,6237,1003,Mini Truck
100759,500759,Delhi,Jaipur,2025-07-23,2025-07-26,Delivered,1254,11,1692,8221,1034,Mini Truck
100760,500760,Delhi,Chennai,2025-06-24,,In Transit,2520,20,107,576,1099,Container
100761,500761,Pune,Jaipur,2025-05-02,2025-05-06,Delivered,2059,29,1140,7530,1049,Mini Truck
100762,500762,Hyderabad,Bangalore,2025-08-09,,Cancelled,3608,41,825,2880,1019,Truck
100763,500763,Bangalore,Hyderabad,2025-08-30,2025-09-03,Delivered,6344,52,2437,14767,1011,Truck
100764,500764,Hyderabad,Pune,2025-11-28,,Cancelled,6930,55,919,4235,1055,Van
100765,500765,Delhi,Mumbai,2025-03-02,2025-03-06,Delivered,7280,65,1501,11507,1077,Truck
100766,500766,Delhi,Hyderabad,2026-06-01,2026-06-06,Delivered,4510,55,2799,9033,1072,Truck
100767,500767,Chennai,Pune,2025-09-24,2025-10-02,Delivered,2448,48,1967,5887,1091,Container
100768,500768,Mumbai,Hyderabad,2025-04-30,2025-05-03,Delivered,8840,68,1200,5379,1056,Van
100769,500769,Bangalore,Kolkata,2025-09-28,2025-10-05,Delivered,8925,119,725,4750,1063,Mini Truck
100770,500770,Chennai,Jaipur,2025-02-24,2025-02-25,Delivered,1326,34,800,4069,1021,Container
100771,500771,Hyderabad,Mumbai,2026-05-22,2026-05-28,Delivered,9215,95,2347,11776,1015,Mini Truck
100772,500772,Delhi,Chennai,2025-04-06,2025-04-11,Delivered,3640,28,739,3915,1035,Mini Truck
100773,500773,Chennai,Delhi,2026-06-23,2026-06-26,Delayed,3828,58,364,2448,1087,Truck
100774,500774,Bangalore,Delhi,2025-10-19,2025-10-21,Delivered,6050,55,1580,12024,1014,Van
100775,500775,Mumbai,Delhi,2025-03-25,2025-04-02,Delivered,4347,63,2623,15129,1001,Van
100776,500776,Delhi,Kolkata,2026-04-09,2026-04-19,Delivered,861,21,915,6321,1037,Van
100777,500777,Delhi,Mumbai,2026-01-26,2026-01-31,Delivered,3591,27,1033,7499,1012,Truck
100778,500778,Mumbai,Pune,2026-02-02,2026-02-07,Delayed,4698,87,2729,8632,1063,Container
100779,500779,Pune,Hyderabad,2025-05-15,2025-05-17,Delivered,11100,111,1555,5596,1058,Container
100780,500780,Hyderabad,Hyderabad,2026-03-10,2026-03-17,Delivered,12204,108,1558,5491,1081,Container
100781,500781,Delhi,Delhi,2026-06-10,2026-06-18,Delivered,10647,91,968,6073,1020,Container
100782,500782,Chennai,Lucknow,2025-03-27,2025-04-03,Delivered,1095,15,2006,6654,1017,Van
100783,500783,Mumbai,Lucknow,2026-03-14,2026-03-15,Delivered,3000,75,363,1932,1066,Container
100784,500784,Hyderabad,Mumbai,2026-04-21,2026-05-01,Delivered,8720,109,1087,4241,1011,Truck
100785,500785,Delhi,Jaipur,2025-07-03,2025-07-10,Delayed,880,10,391,2862,1039,Van
100786,500786,Chennai,Jaipur,2026-04-06,2026-04-11,Delivered,2976,48,816,2870,1096,Van
100787,500787,Pune,Mumbai,2026-03-21,2026-03-22,Delivered,1980,55,527,1815,1062,Container
100788,500788,Pune,Ahmedabad,2026-05-14,2026-05-24,Delivered,6987,51,1667,6942,1017,Mini Truck
100789,500789,Delhi,Bangalore,2025-04-25,2025-04-29,Delayed,6954,114,159,818,1019,Mini Truck
100790,500790,Hyderabad,Lucknow,2025-07-15,2025-07-23,Delivered,2047,23,1991,5216,1022,Mini Truck
100791,500791,Pune,Jaipur,2026-05-12,2026-05-20,Delivered,4740,79,1043,4298,1051,Truck
100792,500792,Bangalore,Delhi,2025-04-16,2025-04-23,Delivered,7482,58,2080,11819,1094,Van
100793,500793,Delhi,Jaipur,2026-02-14,2026-02-24,Delivered,11737,97,2554,19098,1063,Mini Truck
100794,500794,Pune,Delhi,2026-06-25,2026-07-05,Delivered,1935,45,2316,9201,1083,Container
100795,500795,Hyderabad,Mumbai,2026-05-22,2026-05-28,Delivered,2294,62,1836,6219,1093,Mini Truck
100796,500796,Hyderabad,Chennai,2026-03-25,2026-03-29,Delivered,8960,80,1439,10352,1092,Container
100797,500797,Mumbai,Hyderabad,2026-02-04,,Cancelled,14319,111,2722,12198,1061,Mini Truck
100798,500798,Chennai,Bangalore,2025-10-17,2025-10-19,Delivered,4590,90,2027,6999,1021,Container
100799,500799,Delhi,Ahmedabad,2026-05-21,2026-05-25,Delivered,2812,76,242,1082,1034,Van
100800,500800,Pune,Pune,2025-06-28,,In Transit,4641,119,2112,14651,1044,Container
100801,500801,Delhi,Kolkata,2025-08-21,2025-08-25,Delivered,5226,67,1106,7539,1099,Truck
100802,500802,Chennai,Hyderabad,2025-06-04,,In Transit,12992,116,2161,13359,1091,Truck
100803,500803,Hyderabad,Jaipur,2025-04-24,,Cancelled,11865,105,2550,17344,1014,Truck
100804,500804,Chennai,Mumbai,2025-06-21,2025-06-25,Delivered,6528,51,693,2845,1057,Container
100805,500805,Pune,Mumbai,2025-06-07,2025-06-13,Delivered,5450,109,614,4400,1057,Container
100806,500806,Delhi,Bangalore,2026-05-01,2026-05-10,Delivered,1794,26,399,1814,1097,Container
100807,500807,Bangalore,Bangalore,2025-06-05,2025-06-14,Delayed,3016,58,984,6799,1053,Container
100808,500808,Hyderabad,Lucknow,2026-01-06,,In Transit,8113,61,646,1650,1067,Truck
100809,500809,Delhi,Chennai,2025-11-19,2025-11-22,Delivered,5100,60,301,2009,1085,Mini Truck
100810,500810,Chennai,Delhi,2026-06-17,,Cancelled,7076,58,1696,10776,1039,Van
100811,500811,Bangalore,Delhi,2025-10-14,,In Transit,10292,83,651,3073,1083,Mini Truck
100812,500812,Chennai,Kolkata,2026-03-29,2026-04-05,Delivered,7592,104,858,2542,1069,Van
100813,500813,Hyderabad,Pune,2026-06-17,,Cancelled,1886,41,925,4915,1040,Van
100814,500814,Pune,Pune,2025-01-24,2025-02-02,Delivered,5200,80,1109,7848,1039,Container
100815,500815,Chennai,Mumbai,2025-03-03,,In Transit,3762,38,2618,11649,1007,Truck
100816,500816,Hyderabad,Hyderabad,2025-01-06,2025-01-10,Delivered,11556,108,2432,15639,1081,Mini Truck
100817,500817,Bangalore,Hyderabad,2025-10-19,2025-10-29,Delivered,11466,91,623,2851,1095,Mini Truck
100818,500818,Delhi,Chennai,2026-06-13,2026-06-19,Delivered,3339,63,451,2892,1053,Truck
100819,500819,Delhi,Delhi,2026-03-12,,In Transit,5980,65,929,2721,1087,Container
100820,500820,Chennai,Lucknow,2026-06-16,2026-06-21,Delayed,9164,79,2093,10106,1057,Container
100821,500821,Pune,Ahmedabad,2025-06-16,2025-06-19,Delivered,3417,67,1924,15053,1066,Truck
100822,500822,Pune,Bangalore,2026-04-12,2026-04-15,Delivered,3800,76,1562,9073,1053,Truck
100823,500823,Delhi,Chennai,2025-10-24,2025-10-27,Delivered,1480,20,1571,12490,1039,Van
100824,500824,Hyderabad,Delhi,2025-05-27,2025-06-06,Delivered,4292,58,249,1840,1028,Mini Truck
100825,500825,Pune,Jaipur,2025-01-03,2025-01-09,Delivered,1144,13,233,1199,1040,Container
100826,500826,Bangalore,Ahmedabad,2026-05-02,,In Transit,5661,111,2530,16927,1065,Container
100827,500827,Hyderabad,Jaipur,2025-06-02,,In Transit,6302,46,415,2463,1080,Container
100828,500828,Hyderabad,Bangalore,2026-02-09,2026-02-10,Delivered,11610,90,1864,7503,1012,Mini Truck
100829,500829,Pune,Delhi,2025-11-13,2025-11-15,Delivered,3915,87,2341,8330,1080,Truck
100830,500830,Chennai,Lucknow,2025-07-13,2025-07-22,Delayed,5950,119,126,771,1069,Mini Truck
100831,500831,Delhi,Hyderabad,2025-07-30,2025-08-09,Delivered,8418,61,396,2152,1042,Container
100832,500832,Chennai,Delhi,2026-05-19,,In Transit,630,7,1442,5036,1004,Van
100833,500833,Hyderabad,Hyderabad,2025-04-04,2025-04-06,Delivered,5254,74,738,2429,1033,Truck
100834,500834,Mumbai,Hyderabad,2026-02-22,2026-02-23,Delivered,4814,83,1382,3661,1008,Van
100835,500835,Hyderabad,Mumbai,2025-11-24,2025-11-30,Delivered,5320,38,1588,11826,1007,Mini Truck
100836,500836,Mumbai,Kolkata,2025-08-31,2025-09-09,Delivered,3726,54,521,1476,1060,Container
100837,500837,Delhi,Jaipur,2025-01-30,2025-02-03,Delivered,8142,118,126,698,1076,Truck
100838,500838,Mumbai,Lucknow,2025-05-09,2025-05-16,Delivered,7192,62,393,2064,1019,Van
100839,500839,Chennai,Pune,2025-09-09,2025-09-16,Delivered,3040,76,1900,4760,1060,Van
100840,500840,Pune,Pune,2025-01-01,2025-01-09,Delivered,2613,39,2498,17778,1049,Van
100841,500841,Pune,Bangalore,2026-06-07,2026-06-10,Delivered,10593,99,2237,6452,1012,Container
100842,500842,Pune,Mumbai,2025-05-24,2025-05-29,Delayed,7137,117,1819,10654,1041,Van
100843,500843,Pune,Hyderabad,2026-04-09,2026-04-15,Delivered,4464,48,912,7090,1043,Truck
100844,500844,Pune,Pune,2025-01-03,2025-01-04,Delivered,14520,120,89,307,1072,Container
100845,500845,Hyderabad,Lucknow,2025-03-25,2025-03-27,Delayed,10147,73,176,1090,1087,Truck
100846,500846,Bangalore,Ahmedabad,2026-01-02,2026-01-03,Delivered,1640,20,1945,14878,1057,Truck
100847,500847,Mumbai,Delhi,2025-10-15,2025-10-21,Delivered,4031,29,418,2455,1039,Mini Truck
100848,500848,Mumbai,Jaipur,2026-01-07,2026-01-15,Delivered,7320,120,2532,6429,1082,Container
100849,500849,Delhi,Hyderabad,2026-05-28,2026-06-06,Delivered,3741,29,2752,15442,1088,Mini Truck
100850,500850,Delhi,Kolkata,2025-05-12,2025-05-15,Delayed,2432,38,2384,17511,1094,Van
100851,500851,Mumbai,Delhi,2025-09-16,2025-09-24,Delivered,585,5,1799,11157,1084,Truck
100852,500852,Bangalore,Ahmedabad,2026-02-21,2026-03-02,Delivered,5184,64,2079,11112,1006,Mini Truck
100853,500853,Delhi,Hyderabad,2026-03-07,2026-03-13,Delivered,295,5,1655,7184,1074,Truck
100854,500854,Pune,Bangalore,2026-03-10,,Cancelled,2016,36,856,3689,1009,Truck
100855,500855,Delhi,Jaipur,2026-03-19,2026-03-29,Delayed,8239,107,2615,18626,1032,Truck
100856,500856,Hyderabad,Bangalore,2025-12-15,,In Transit,11110,110,1416,9724,1010,Container
100857,500857,Delhi,Jaipur,2025-05-08,2025-05-09,Delivered,675,9,1595,11795,1089,Truck
100858,500858,Mumbai,Delhi,2026-03-29,2026-04-08,Delivered,3655,85,1818,5563,1008,Truck
100859,500859,Bangalore,Ahmedabad,2026-02-16,2026-02-23,Delivered,4590,34,2505,15351,1002,Container
100860,500860,Hyderabad,Jaipur,2026-03-15,,In Transit,6552,84,464,2821,1087,Truck
100861,500861,Hyderabad,Lucknow,2025-12-03,2025-12-05,Delivered,1998,18,100,642,1076,Mini Truck
100862,500862,Chennai,Pune,2026-06-06,2026-06-13,Delivered,6006,66,2593,9134,1018,Truck
100863,500863,Delhi,Pune,2025-11-16,2025-11-25,Delivered,6512,88,1515,8650,1070,Mini Truck
100864,500864,Mumbai,Jaipur,2025-11-13,2025-11-18,Delivered,5252,52,83,475,1087,Mini Truck
100865,500865,Delhi,Bangalore,2026-06-04,2026-06-13,Delayed,10146,114,273,1198,1026,Mini Truck
100866,500866,Delhi,Chennai,2025-07-13,2025-07-21,Delivered,8829,81,1406,7892,1043,Van
100867,500867,Hyderabad,Chennai,2025-06-16,2025-06-17,Delivered,2380,68,948,5700,1089,Mini Truck
100868,500868,Hyderabad,Kolkata,2025-08-07,2025-08-13,Delivered,6588,108,1589,7471,1001,Van
100869,500869,Delhi,Mumbai,2026-01-02,2026-01-04,Delivered,2093,23,1240,4425,1075,Van
100870,500870,Delhi,Delhi,2025-07-23,2025-07-26,Delivered,4191,33,1123,3883,1071,Mini Truck
100871,500871,Mumbai,Bangalore,2025-01-23,2025-01-28,Delivered,2057,17,135,439,1084,Truck
100872,500872,Bangalore,Bangalore,2025-11-09,2025-11-15,Delivered,12852,108,1575,5421,1068,Container
100873,500873,Pune,Mumbai,2025-05-02,2025-05-05,Delivered,6254,106,826,4484,1089,Van
100874,500874,Bangalore,Kolkata,2026-03-16,,Cancelled,4752,36,239,1407,1025,Van
100875,500875,Mumbai,Chennai,2025-09-11,2025-09-16,Delivered,11600,116,567,4437,1063,Mini Truck
100876,500876,Pune,Mumbai,2026-04-27,2026-05-07,Delayed,1300,13,735,3406,1083,Van
100877,500877,Hyderabad,Lucknow,2026-04-21,2026-04-27,Delivered,9072,72,2029,15738,1061,Van
100878,500878,Chennai,Ahmedabad,2025-02-07,2025-02-11,Delivered,5270,62,1010,3739,1055,Container
100879,500879,Chennai,Pune,2026-01-19,2026-01-21,Delivered,1584,22,394,1948,1046,Mini Truck
100880,500880,Chennai,Delhi,2026-04-22,2026-04-28,Delivered,5546,59,1897,9255,1048,Container
100881,500881,Bangalore,Hyderabad,2026-01-27,2026-02-04,Delivered,3978,34,1137,3317,1011,Van
100882,500882,Chennai,Lucknow,2025-03-22,2025-03-26,Delayed,748,17,535,2397,1070,Mini Truck
100883,500883,Bangalore,Bangalore,2025-12-04,2025-12-09,Delivered,1508,29,2524,20169,1097,Van
100884,500884,Delhi,Hyderabad,2025-10-16,,In Transit,9030,105,1704,11962,1097,Truck
100885,500885,Hyderabad,Lucknow,2025-06-02,,In Transit,4318,34,979,6481,1061,Mini Truck
100886,500886,Chennai,Kolkata,2026-04-25,2026-05-03,Delayed,3600,48,401,2867,1055,Container
100887,500887,Mumbai,Jaipur,2026-04-06,,In Transit,416,8,1584,8991,1017,Van
100888,500888,Pune,Delhi,2026-05-27,2026-06-02,Delayed,4224,48,973,4710,1097,Container
100889,500889,Pune,Lucknow,2025-11-03,2025-11-04,Delivered,4004,77,181,605,1043,Container
100890,500890,Hyderabad,Bangalore,2026-02-05,2026-02-12,Delivered,1392,29,1994,8591,1058,Van
100891,500891,Delhi,Pune,2025-04-17,2025-04-20,Delivered,873,9,2521,6674,1026,Truck
100892,500892,Hyderabad,Hyderabad,2025-07-30,2025-08-08,Delivered,546,13,1912,8656,1002,Mini Truck
100893,500893,Bangalore,Ahmedabad,2026-02-05,2026-02-07,Delivered,1848,21,2247,11527,1009,Container
100894,500894,Mumbai,Pune,2025-07-30,2025-08-07,Delivered,2700,25,2522,19332,1076,Mini Truck
100895,500895,Chennai,Jaipur,2025-10-10,2025-10-13,Delivered,8680,62,312,1465,1032,Van
100896,500896,Chennai,Jaipur,2026-04-17,2026-04-18,Delivered,7029,99,423,2561,1059,Van
100897,500897,Pune,Hyderabad,2026-02-05,2026-02-08,Delivered,3306,58,1070,7971,1094,Container
100898,500898,Hyderabad,Ahmedabad,2025-07-07,2025-07-09,Delivered,3575,55,228,1680,1021,Van
100899,500899,Pune,Lucknow,2025-10-26,2025-10-28,Delivered,9212,94,939,4471,1098,Truck
100900,500900,Bangalore,Mumbai,2025-04-18,2025-04-24,Delivered,3192,57,1897,7379,1065,Truck
100901,500901,Hyderabad,Delhi,2025-03-16,2025-03-24,Delivered,6890,53,1457,6842,1025,Container
100902,500902,Delhi,Delhi,2025-09-14,2025-09-17,Delivered,5980,46,2795,14124,1060,Truck
100903,500903,Delhi,Lucknow,2025-09-06,2025-09-14,Delivered,3080,22,1978,7981,1021,Mini Truck
100904,500904,Delhi,Kolkata,2025-04-13,2025-04-15,Delivered,4088,73,1650,4829,1098,Truck
100905,500905,Pune,Hyderabad,2025-06-07,2025-06-10,Delivered,3872,32,191,1036,1057,Truck
100906,500906,Pune,Lucknow,2025-04-16,2025-04-21,Delivered,6771,61,264,666,1099,Container
100907,500907,Mumbai,Bangalore,2026-01-19,,In Transit,1110,30,424,2043,1002,Van
100908,500908,Mumbai,Mumbai,2025-08-14,,Cancelled,952,17,2770,17955,1006,Container
100909,500909,Chennai,Mumbai,2025-12-01,2025-12-05,Delivered,8736,84,898,4196,1055,Truck
100910,500910,Mumbai,Bangalore,2025-04-19,2025-04-22,Delivered,708,6,1697,7194,1050,Mini Truck
100911,500911,Hyderabad,Bangalore,2025-03-09,2025-03-14,Delivered,7216,88,2605,7142,1028,Container
100912,500912,Bangalore,Kolkata,2026-05-27,,Cancelled,2448,18,2246,17851,1073,Mini Truck
100913,500913,Bangalore,Mumbai,2025-11-29,,Cancelled,11374,94,1641,12447,1099,Mini Truck
100914,500914,Bangalore,Pune,2025-11-22,,Cancelled,3870,90,2024,8790,1078,Container
100915,500915,Hyderabad,Lucknow,2025-08-27,2025-08-28,Delivered,3842,34,136,907,1016,Van
100916,500916,Mumbai,Ahmedabad,2025-09-07,2025-09-08,Delivered,2156,22,1584,6544,1020,Container
100917,500917,Mumbai,Delhi,2025-09-01,,In Transit,10449,81,1867,13676,1018,Van
100918,500918,Bangalore,Delhi,2026-06-18,2026-06-25,Delayed,11397,87,1231,3237,1094,Van
100919,500919,Bangalore,Bangalore,2025-07-30,2025-08-03,Delivered,11984,107,961,7015,1067,Van
100920,500920,Mumbai,Jaipur,2025-01-07,2025-01-15,Delivered,533,13,838,5018,1019,Mini Truck
100921,500921,Mumbai,Mumbai,2025-06-27,2025-07-01,Delivered,1575,35,2128,10308,1060,Van
100922,500922,Mumbai,Bangalore,2025-09-08,2025-09-18,Delivered,2556,36,1291,7320,1082,Mini Truck
100923,500923,Bangalore,Jaipur,2025-03-23,,Cancelled,4233,51,1681,5753,1057,Container
100924,500924,Chennai,Kolkata,2026-03-20,2026-03-28,Delayed,623,7,1612,11601,1098,Van
100925,500925,Chennai,Lucknow,2025-06-06,2025-06-09,Delivered,3478,37,1608,6724,1037,Container
100926,500926,Chennai,Kolkata,2026-05-08,2026-05-11,Delivered,5760,96,1972,6608,1025,Truck
100927,500927,Delhi,Lucknow,2026-01-19,2026-01-26,Delivered,4620,55,1578,8193,1083,Truck
100928,500928,Hyderabad,Delhi,2025-05-08,2025-05-18,Delivered,3300,25,845,4140,1033,Van
100929,500929,Chennai,Jaipur,2026-01-13,2026-01-20,Delivered,3894,59,1060,5435,1047,Truck
100930,500930,Pune,Pune,2025-09-25,2025-09-28,Delivered,4144,37,1063,6038,1085,Mini Truck
100931,500931,Delhi,Mumbai,2025-04-05,2025-04-12,Delivered,2475,55,2450,13112,1025,Container
100932,500932,Mumbai,Ahmedabad,2025-09-16,2025-09-25,Delivered,6059,73,2747,15722,1094,Container
100933,500933,Pune,Mumbai,2025-04-22,2025-04-28,Delivered,7521,109,634,4195,1096,Container
100934,500934,Pune,Hyderabad,2025-01-07,,Cancelled,3815,109,2064,6259,1100,Container
100935,500935,Chennai,Ahmedabad,2025-10-23,2025-10-26,Delayed,1566,27,1584,10093,1026,Container
100936,500936,Mumbai,Lucknow,2025-04-23,2025-04-27,Delivered,1176,28,873,5783,1098,Mini Truck
100937,500937,Bangalore,Ahmedabad,2026-03-28,2026-04-07,Delivered,1008,18,2656,7805,1011,Container
100938,500938,Delhi,Hyderabad,2025-03-07,2025-03-17,Delivered,3395,35,2007,12444,1013,Truck
100939,500939,Delhi,Hyderabad,2025-01-08,2025-01-09,Delivered,1717,17,914,6265,1049,Van
100940,500940,Hyderabad,Jaipur,2025-12-12,2025-12-18,Delivered,3900,52,1455,10174,1047,Container
100941,500941,Hyderabad,Kolkata,2025-02-28,,Cancelled,16008,116,1402,4277,1059,Container
100942,500942,Pune,Pune,2025-01-27,2025-02-05,Delivered,3280,40,1068,5324,1088,Container
100943,500943,Chennai,Ahmedabad,2025-07-12,2025-07-18,Delivered,567,7,2645,19318,1095,Van
100944,500944,Pune,Jaipur,2025-08-28,2025-09-04,Delivered,13464,99,2559,7542,1055,Container
100945,500945,Pune,Mumbai,2026-01-30,2026-02-03,Delivered,9696,96,636,4655,1092,Truck
100946,500946,Mumbai,Jaipur,2025-03-31,2025-04-09,Delivered,6496,116,1962,14578,1015,Container
100947,500947,Pune,Lucknow,2025-09-04,2025-09-07,Delivered,12524,101,2752,8233,1056,Truck
100948,500948,Mumbai,Chennai,2026-01-28,2026-02-01,Delayed,11640,97,1105,5657,1086,Truck
100949,500949,Pune,Pune,2026-05-19,2026-05-25,Delivered,12528,116,966,6486,1077,Truck
100950,500950,Pune,Chennai,2026-01-22,,In Transit,11800,100,1613,9728,1072,Container
100951,500951,Mumbai,Bangalore,2025-09-23,2025-09-25,Delivered,1482,19,415,2727,1025,Truck
100952,500952,Chennai,Chennai,2025-05-11,,In Transit,6837,53,2413,6054,1008,Mini Truck
100953,500953,Hyderabad,Ahmedabad,2025-11-24,2025-11-27,Delayed,7952,71,2768,15913,1014,Container
100954,500954,Delhi,Lucknow,2026-04-17,2026-04-22,Delivered,10976,112,946,5902,1019,Van
100955,500955,Mumbai,Delhi,2025-11-24,2025-11-26,Delivered,3840,40,2400,14330,1028,Container
100956,500956,Bangalore,Ahmedabad,2025-03-02,,Cancelled,6580,47,675,4348,1094,Mini Truck
100957,500957,Pune,Delhi,2025-07-03,,In Transit,7154,98,1654,13089,1085,Mini Truck
100958,500958,Delhi,Lucknow,2026-02-06,2026-02-14,Delivered,4165,49,1653,4785,1094,Van
100959,500959,Bangalore,Bangalore,2026-02-08,2026-02-14,Delivered,13938,101,2427,6789,1091,Van
100960,500960,Hyderabad,Pune,2025-05-21,2025-05-29,Delivered,2562,42,643,2378,1096,Mini Truck
100961,500961,Pune,Delhi,2026-01-06,2026-01-16,Delayed,1494,18,654,5053,1055,Mini Truck
100962,500962,Delhi,Mumbai,2025-12-31,,Cancelled,1350,27,264,2083,1084,Van
100963,500963,Chennai,Ahmedabad,2025-06-02,2025-06-09,Delivered,1800,36,189,722,1063,Van
100964,500964,Pune,Kolkata,2025-06-26,2025-07-03,Delivered,12376,104,2797,8371,1060,Container
100965,500965,Bangalore,Jaipur,2026-01-12,2026-01-14,Delivered,1455,15,549,3309,1066,Mini Truck
100966,500966,Delhi,Kolkata,2026-05-07,2026-05-09,Delivered,6148,106,2478,11427,1083,Container
100967,500967,Bangalore,Kolkata,2025-05-09,2025-05-11,Delivered,5568,96,2251,10645,1090,Truck
100968,500968,Hyderabad,Lucknow,2026-05-16,2026-05-26,Delivered,3650,73,2719,18065,1027,Truck
100969,500969,Mumbai,Kolkata,2025-07-04,2025-07-12,Delivered,5350,107,1337,3630,1074,Mini Truck
100970,500970,Pune,Pune,2025-03-31,2025-04-01,Delivered,1485,15,560,2319,1070,Mini Truck
100971,500971,Hyderabad,Delhi,2025-09-12,2025-09-21,Delivered,14280,120,1251,6802,1018,Container
100972,500972,Pune,Chennai,2026-06-20,,In Transit,5150,50,2532,13440,1089,Truck
100973,500973,Pune,Delhi,2025-08-31,2025-09-03,Delivered,2236,43,931,5410,1028,Van
100974,500974,Bangalore,Pune,2026-03-09,2026-03-14,Delivered,4484,38,1613,12049,1052,Container
100975,500975,Delhi,Hyderabad,2026-03-12,,In Transit,1403,23,2245,6483,1094,Van
100976,500976,Pune,Bangalore,2026-01-17,2026-01-26,Delivered,7216,82,721,5060,1041,Container
100977,500977,Hyderabad,Delhi,2025-09-11,2025-09-13,Delivered,8906,73,500,2758,1009,Van
100978,500978,Pune,Mumbai,2026-01-07,,In Transit,5512,104,1169,8508,1029,Van
100979,500979,Delhi,Mumbai,2026-01-22,,Cancelled,1584,33,1600,10888,1016,Mini Truck
100980,500980,Chennai,Hyderabad,2026-05-17,2026-05-23,Delivered,6674,94,2393,13241,1078,Truck
100981,500981,Delhi,Pune,2025-11-22,,In Transit,4266,54,790,5477,1087,Container
100982,500982,Hyderabad,Kolkata,2025-05-11,2025-05-20,Delivered,11424,96,686,2191,1049,Van
100983,500983,Delhi,Chennai,2025-09-13,2025-09-20,Delivered,5510,95,1925,9459,1046,Container
100984,500984,Chennai,Hyderabad,2025-10-10,,Cancelled,5254,71,987,5918,1012,Van
100985,500985,Hyderabad,Chennai,2025-04-03,2025-04-05,Delivered,4508,98,1033,3520,1008,Truck
100986,500986,Pune,Hyderabad,2026-05-20,2026-05-21,Delayed,7552,59,2133,6933,1064,Truck
100987,500987,Hyderabad,Delhi,2025-07-14,,In Transit,12600,100,79,382,1069,Van
100988,500988,Mumbai,Lucknow,2025-02-13,2025-02-16,Delivered,5733,91,2194,7594,1047,Mini Truck
100989,500989,Chennai,Chennai,2025-02-22,2025-03-01,Delivered,1274,26,1578,6878,1087,Mini Truck
100990,500990,Chennai,Mumbai,2025-10-25,2025-10-30,Delivered,1330,38,922,6047,1073,Container
100991,500991,Mumbai,Hyderabad,2026-06-12,,In Transit,1026,9,1946,13944,1008,Van
100992,500992,Delhi,Kolkata,2026-04-17,2026-04-23,Delivered,1422,18,71,525,1024,Container
100993,500993,Bangalore,Delhi,2025-04-14,2025-04-18,Delivered,1500,15,2217,16498,1053,Truck
100994,500994,Hyderabad,Delhi,2025-06-09,2025-06-14,Delayed,2805,33,1977,9012,1047,Container
100995,500995,Mumbai,Lucknow,2025-10-03,2025-10-11,Delivered,4895,89,1849,6044,1096,Container
100996,500996,Delhi,Chennai,2025-07-23,2025-07-28,Delivered,850,10,597,2875,1043,Truck
100997,500997,Mumbai,Bangalore,2026-05-06,,Cancelled,3432,39,536,2781,1064,Mini Truck
100998,500998,Bangalore,Ahmedabad,2026-05-29,2026-06-05,Delayed,1008,21,499,3423,1017,Mini Truck
100999,500999,Bangalore,Lucknow,2025-01-14,2025-01-18,Delayed,979,11,1451,11419,1095,Truck
101000,501000,Hyderabad,Jaipur,2025-10-24,2025-10-26,Delivered,6732,102,1806,10649,1094,Mini Truck
101001,501001,Mumbai,Hyderabad,2025-04-28,,In Transit,11280,94,1063,7455,1026,Container
101002,501002,Pune,Mumbai,2026-05-30,2026-06-03,Delivered,13110,114,2471,14800,1030,Truck
101003,501003,Mumbai,Ahmedabad,2025-02-09,2025-02-13,Delivered,851,23,1796,10579,1012,Truck
101004,501004,Hyderabad,Ahmedabad,2026-06-22,2026-06-26,Delivered,2937,33,1426,7323,1066,Container
101005,501005,Pune,Delhi,2025-11-08,2025-11-14,Delivered,5040,40,1487,7136,1041,Truck
101006,501006,Mumbai,Delhi,2025-01-01,2025-01-07,Delivered,3040,32,1218,4921,1078,Truck
101007,501007,Hyderabad,Pune,2025-09-16,,In Transit,3723,51,1419,4417,1086,Truck
101008,501008,Pune,Lucknow,2025-05-14,2025-05-20,Delivered,10200,100,2462,14343,1031,Van
101009,501009,Mumbai,Kolkata,2026-01-29,2026-01-31,Delivered,2730,21,2628,15268,1006,Mini Truck
101010,501010,Mumbai,Jaipur,2025-04-12,2025-04-21,Delivered,6132,84,1454,9435,1098,Mini Truck
101011,501011,Chennai,Pune,2025-02-14,2025-02-21,Delivered,9900,75,1084,7798,1072,Van
101012,501012,Bangalore,Jaipur,2025-05-01,,In Transit,1144,13,2027,10906,1065,Truck
101013,501013,Mumbai,Kolkata,2025-10-08,2025-10-11,Delivered,4494,42,236,668,1089,Mini Truck
101014,501014,Pune,Ahmedabad,2026-05-22,2026-05-31,Delivered,1274,14,727,4819,1050,Container
101015,501015,Hyderabad,Kolkata,2025-10-06,2025-10-07,Delivered,1550,25,2392,13769,1002,Container
101016,501016,Chennai,Lucknow,2025-09-23,2025-09-27,Delivered,4410,42,1149,3625,1029,Truck
101017,501017,Chennai,Bangalore,2025-10-26,2025-10-29,Delivered,6136,118,1187,4733,1007,Mini Truck
101018,501018,Mumbai,Lucknow,2025-04-29,2025-05-05,Delivered,6970,85,2528,10832,1091,Van
101019,501019,Pune,Pune,2026-02-23,,In Transit,1764,42,1379,8195,1002,Van
101020,501020,Mumbai,Hyderabad,2025-06-30,2025-07-01,Delivered,9782,73,2742,21016,1075,Truck
101021,501021,Pune,Ahmedabad,2025-09-21,,In Transit,9030,86,2525,9175,1057,Mini Truck
101022,501022,Bangalore,Hyderabad,2025-07-28,2025-08-04,Delivered,1536,24,1877,12226,1056,Van
101023,501023,Mumbai,Jaipur,2025-04-06,2025-04-14,Delivered,1652,28,771,4343,1094,Mini Truck
101024,501024,Pune,Hyderabad,2025-01-22,2025-01-25,Delivered,13298,109,1664,9722,1009,Mini Truck
101025,501025,Delhi,Ahmedabad,2025-09-09,2025-09-16,Delivered,884,17,2207,14339,1002,Truck
101026,501026,Hyderabad,Ahmedabad,2025-01-22,2025-01-23,Delivered,4080,102,2689,8677,1099,Truck
101027,501027,Bangalore,Pune,2025-01-14,2025-01-15,Delayed,11024,106,485,3176,1044,Truck
101028,501028,Mumbai,Pune,2026-05-07,2026-05-15,Delayed,8066,109,718,3105,1020,Mini Truck
101029,501029,Delhi,Lucknow,2025-10-01,2025-10-03,Delivered,336,7,232,1274,1014,Container
101030,501030,Mumbai,Delhi,2025-08-18,2025-08-25,Delivered,4320,54,653,3986,1029,Container
101031,501031,Pune,Mumbai,2026-05-19,2026-05-21,Delivered,2343,33,466,2080,1079,Van
101032,501032,Delhi,Chennai,2025-03-28,,In Transit,4674,82,668,3244,1043,Mini Truck
101033,501033,Pune,Ahmedabad,2025-06-03,,In Transit,10488,92,1285,8990,1045,Truck
101034,501034,Bangalore,Jaipur,2026-01-13,,In Transit,14580,108,362,909,1020,Mini Truck
101035,501035,Bangalore,Pune,2026-02-04,2026-02-12,Delivered,5341,109,325,1845,1094,Van
101036,501036,Mumbai,Mumbai,2025-11-27,,Cancelled,2240,28,1627,6924,1055,Container
101037,501037,Pune,Ahmedabad,2025-12-08,2025-12-12,Delivered,5670,54,1764,9232,1069,Container
101038,501038,Chennai,Lucknow,2025-08-24,2025-09-03,Delivered,9792,96,1777,10090,1089,Mini Truck
101039,501039,Pune,Mumbai,2025-08-29,2025-09-02,Delivered,9153,113,120,668,1018,Truck
101040,501040,Delhi,Chennai,2026-01-05,,In Transit,8280,115,620,3119,1071,Container
101041,501041,Mumbai,Bangalore,2025-08-18,2025-08-21,Delivered,1660,20,636,4154,1090,Container
101042,501042,Bangalore,Delhi,2025-04-19,2025-04-21,Delivered,3630,66,2482,6617,1047,Mini Truck
101043,501043,Delhi,Bangalore,2025-03-20,2025-03-27,Delivered,2280,24,797,5251,1096,Van
101044,501044,Hyderabad,Ahmedabad,2025-12-12,2025-12-13,Delivered,2214,41,505,1429,1083,Truck
101045,501045,Chennai,Pune,2026-05-31,2026-06-07,Delivered,13542,111,1785,13771,1059,Van
101046,501046,Chennai,Lucknow,2025-11-10,2025-11-17,Delivered,1150,25,1163,6243,1017,Mini Truck
101047,501047,Hyderabad,Kolkata,2025-02-27,2025-03-02,Delivered,12320,110,2340,16682,1089,Container
101048,501048,Hyderabad,Chennai,2026-02-19,,In Transit,3562,26,273,1240,1055,Mini Truck
101049,501049,Bangalore,Mumbai,2025-04-17,2025-04-27,Delivered,3952,104,1424,5435,1021,Truck
101050,501050,Delhi,Bangalore,2025-01-12,2025-01-17,Delayed,1740,29,2309,13879,1005,Mini Truck
101051,501051,Bangalore,Mumbai,2025-02-15,2025-02-23,Delivered,750,10,246,741,1040,Truck
101052,501052,Bangalore,Hyderabad,2026-02-12,2026-02-18,Delivered,12827,101,1650,7354,1017,Truck
101053,501053,Bangalore,Ahmedabad,2026-05-31,2026-06-03,Delivered,1088,8,2455,11296,1076,Truck
101054,501054,Bangalore,Pune,2025-06-05,2025-06-07,Delivered,5428,118,2613,20225,1030,Mini Truck
101055,501055,Pune,Pune,2025-06-14,,Cancelled,8832,69,2164,12655,1067,Van
101056,501056,Hyderabad,Pune,2025-12-14,2025-12-24,Delivered,4560,114,1814,13421,1100,Container
101057,501057,Mumbai,Bangalore,2025-03-18,,Cancelled,7546,77,2621,7956,1002,Mini Truck
101058,501058,Bangalore,Lucknow,2025-03-31,2025-04-08,Delivered,3240,45,745,2524,1036,Van
101059,501059,Bangalore,Mumbai,2025-03-14,2025-03-22,Delivered,2546,38,1988,13314,1057,Mini Truck
101060,501060,Delhi,Kolkata,2026-05-15,2026-05-20,Delivered,6384,56,1725,13013,1017,Container
101061,501061,Bangalore,Lucknow,2025-11-18,2025-11-25,Delivered,4692,69,1893,13867,1088,Truck
101062,501062,Chennai,Delhi,2025-09-08,2025-09-17,Delivered,288,6,683,2799,1021,Container
101063,501063,Delhi,Bangalore,2026-02-02,,In Transit,7110,90,432,2186,1083,Container
101064,501064,Delhi,Mumbai,2025-07-04,2025-07-11,Delayed,6180,103,1824,8588,1009,Van
101065,501065,Bangalore,Kolkata,2026-05-13,2026-05-21,Delivered,1767,19,1190,3225,1020,Container
101066,501066,Mumbai,Bangalore,2025-11-24,2025-12-04,Delivered,4368,104,1607,12294,1047,Container
101067,501067,Hyderabad,Bangalore,2025-02-25,2025-02-26,Delivered,7038,102,1782,6925,1023,Truck
101068,501068,Mumbai,Mumbai,2025-10-08,2025-10-13,Delivered,10208,116,1899,10228,1086,Van
101069,501069,Mumbai,Delhi,2025-04-05,,In Transit,7729,59,1450,5992,1026,Van
101070,501070,Hyderabad,Jaipur,2026-05-02,2026-05-05,Delivered,7520,94,1839,13827,1074,Container
101071,501071,Delhi,Lucknow,2025-07-23,2025-08-02,Delivered,6308,83,642,3949,1094,Van
101072,501072,Delhi,Pune,2026-04-15,,In Transit,3332,68,1346,9228,1087,Container
101073,501073,Bangalore,Lucknow,2025-01-04,,Cancelled,12876,111,564,2803,1075,Truck
101074,501074,Delhi,Bangalore,2025-07-12,2025-07-21,Delivered,11544,104,730,3340,1045,Mini Truck
101075,501075,Mumbai,Kolkata,2025-01-15,2025-01-21,Delivered,518,7,1286,6766,1016,Container
101076,501076,Pune,Jaipur,2026-02-28,2026-03-06,Delivered,9879,111,2271,12212,1098,Van
101077,501077,Delhi,Pune,2026-04-15,2026-04-18,Delivered,4125,75,2486,13636,1049,Van
101078,501078,Pune,Ahmedabad,2025-10-18,2025-10-20,Delivered,736,16,475,2884,1079,Container
101079,501079,Delhi,Jaipur,2025-04-13,2025-04-22,Delivered,9480,79,183,749,1054,Mini Truck
101080,501080,Mumbai,Jaipur,2026-01-26,2026-02-03,Delivered,2720,20,1486,11185,1053,Container
101081,501081,Delhi,Chennai,2025-08-18,2025-08-23,Delivered,7956,117,2747,11511,1054,Mini Truck
101082,501082,Delhi,Ahmedabad,2025-02-03,2025-02-06,Delivered,14734,106,1583,8475,1095,Van
101083,501083,Bangalore,Pune,2026-03-17,2026-03-24,Delivered,3393,29,2574,12003,1007,Container
101084,501084,Mumbai,Ahmedabad,2025-06-27,2025-07-03,Delivered,6390,71,698,2631,1091,Mini Truck
101085,501085,Chennai,Mumbai,2026-02-06,,In Transit,8925,85,1115,3762,1042,Mini Truck
101086,501086,Delhi,Mumbai,2025-01-27,2025-02-06,Delivered,2736,24,163,1041,1011,Container
101087,501087,Delhi,Pune,2026-04-10,2026-04-16,Delivered,3304,28,1031,7669,1039,Mini Truck
101088,501088,Chennai,Bangalore,2026-01-23,2026-01-24,Delayed,2120,40,389,2314,1082,Truck
101089,501089,Delhi,Jaipur,2025-05-06,2025-05-11,Delivered,1748,38,789,2308,1047,Mini Truck
101090,501090,Hyderabad,Mumbai,2026-05-18,2026-05-25,Delayed,1610,14,2042,5962,1088,Container
101091,501091,Hyderabad,Chennai,2026-04-07,2026-04-10,Delayed,2451,43,91,557,1081,Truck
101092,501092,Delhi,Chennai,2025-12-22,2026-01-01,Delivered,2835,81,2288,7713,1095,Van
101093,501093,Delhi,Bangalore,2025-01-31,2025-02-09,Delivered,4340,70,674,4898,1015,Mini Truck
101094,501094,Delhi,Chennai,2025-05-22,2025-05-25,Delivered,3744,39,1170,4207,1012,Van
101095,501095,Pune,Lucknow,2025-10-29,2025-11-06,Delivered,5160,60,2149,16274,1033,Mini Truck
101096,501096,Mumbai,Hyderabad,2026-02-07,2026-02-17,Delivered,5984,44,728,2644,1093,Container
101097,501097,Hyderabad,Jaipur,2026-03-10,2026-03-15,Delivered,12426,109,1355,4189,1050,Container
101098,501098,Mumbai,Kolkata,2025-12-28,2025-12-30,Delivered,2418,62,735,5710,1033,Container
101099,501099,Bangalore,Kolkata,2025-12-27,2025-12-29,Delivered,2492,28,1371,9391,1046,Mini Truck
101100,501100,Delhi,Bangalore,2026-01-16,2026-01-22,Delivered,1500,20,89,559,1092,Van
101101,501101,Mumbai,Jaipur,2025-11-26,,In Transit,6384,76,321,1303,1028,Mini Truck
101102,501102,Delhi,Lucknow,2025-10-12,2025-10-14,Delivered,6864,78,2697,16860,1056,Van
101103,501103,Bangalore,Bangalore,2025-07-21,2025-07-29,Delivered,4760,68,241,1160,1016,Container
101104,501104,Mumbai,Kolkata,2025-12-01,2025-12-05,Delivered,5538,78,137,355,1074,Truck
101105,501105,Hyderabad,Hyderabad,2025-05-15,,In Transit,5768,56,201,1517,1006,Van
101106,501106,Pune,Delhi,2025-03-13,2025-03-20,Delivered,6790,97,1282,5441,1045,Container
101107,501107,Delhi,Lucknow,2025-11-17,2025-11-18,Delivered,6820,55,1272,10063,1064,Truck
101108,501108,Bangalore,Kolkata,2025-04-16,2025-04-17,Delivered,5720,110,92,283,1042,Container
101109,501109,Mumbai,Pune,2025-04-01,2025-04-07,Delivered,3815,109,2251,17192,1007,Van
101110,501110,Delhi,Mumbai,2025-02-19,,In Transit,1078,14,1130,7100,1049,Van
101111,501111,Pune,Pune,2025-05-22,2025-05-24,Delivered,1113,21,1357,9012,1053,Container
101112,501112,Pune,Mumbai,2026-06-19,2026-06-29,Delivered,6402,66,2758,21705,1042,Container
101113,501113,Mumbai,Mumbai,2025-09-28,2025-09-30,Delayed,3300,50,2337,14319,1095,Mini Truck
101114,501114,Pune,Mumbai,2025-03-18,,Cancelled,432,12,920,5692,1060,Container
101115,501115,Mumbai,Jaipur,2025-04-18,2025-04-28,Delivered,10200,102,2211,15966,1098,Van
101116,501116,Pune,Jaipur,2025-06-07,,In Transit,1134,18,582,4389,1050,Container
101117,501117,Chennai,Lucknow,2025-07-27,2025-07-31,Delayed,1157,13,1188,4042,1040,Truck
101118,501118,Mumbai,Jaipur,2025-04-20,2025-04-24,Delayed,406,7,1937,7684,1061,Container
101119,501119,Bangalore,Hyderabad,2025-05-02,,In Transit,1350,15,1501,5503,1051,Container
101120,501120,Chennai,Chennai,2025-02-24,2025-03-02,Delivered,2006,17,251,1155,1055,Mini Truck
101121,501121,Bangalore,Bangalore,2026-02-17,2026-02-22,Delivered,7056,72,2538,13584,1014,Truck
101122,501122,Pune,Bangalore,2025-04-24,2025-04-25,Delivered,12852,119,196,776,1009,Truck
101123,501123,Bangalore,Bangalore,2026-02-19,2026-02-21,Delivered,3234,33,1148,4168,1027,Van
101124,501124,Pune,Hyderabad,2025-10-22,2025-10-24,Delayed,3472,28,2111,12500,1095,Van
101125,501125,Pune,Bangalore,2025-06-24,2025-06-26,Delivered,2002,26,817,6086,1019,Truck
101126,501126,Pune,Jaipur,2026-03-15,2026-03-18,Delivered,2128,38,365,2275,1002,Van
101127,501127,Hyderabad,Kolkata,2025-01-02,2025-01-06,Delivered,2600,65,498,3488,1073,Van
101128,501128,Mumbai,Lucknow,2026-05-31,2026-06-03,Delivered,4888,104,434,1812,1095,Van
101129,501129,Hyderabad,Jaipur,2025-12-26,,Cancelled,3589,37,2767,10775,1059,Truck
101130,501130,Bangalore,Hyderabad,2025-12-08,,In Transit,11544,104,2769,14298,1035,Truck
101131,501131,Mumbai,Ahmedabad,2025-08-14,2025-08-17,Delivered,1900,50,2089,8030,1095,Container
101132,501132,Bangalore,Bangalore,2025-04-02,2025-04-09,Delivered,6020,86,492,3603,1087,Container
101133,501133,Chennai,Pune,2025-09-29,,In Transit,4165,49,1406,8070,1036,Van
101134,501134,Mumbai,Delhi,2026-06-17,2026-06-27,Delivered,2720,20,1825,9129,1045,Van
101135,501135,Delhi,Delhi,2026-05-26,,In Transit,2806,23,1960,6519,1038,Mini Truck
101136,501136,Bangalore,Jaipur,2025-10-23,2025-10-28,Delivered,240,6,1909,7054,1076,Truck
101137,501137,Delhi,Jaipur,2025-11-10,2025-11-16,Delivered,3649,89,52,201,1045,Van
101138,501138,Chennai,Lucknow,2025-06-08,,Cancelled,5088,96,1158,9237,1026,Container
101139,501139,Chennai,Mumbai,2025-10-25,2025-11-02,Delivered,6900,50,1068,6655,1050,Container
101140,501140,Hyderabad,Mumbai,2025-09-25,,In Transit,4617,81,1322,7405,1087,Van
101141,501141,Chennai,Pune,2025-07-24,2025-07-31,Delivered,5475,75,867,3621,1039,Container
101142,501142,Chennai,Pune,2026-01-20,2026-01-27,Delayed,1734,17,617,3042,1041,Van
101143,501143,Hyderabad,Chennai,2026-03-14,2026-03-21,Delivered,6784,64,163,431,1099,Container
101144,501144,Delhi,Pune,2025-11-06,2025-11-16,Delayed,3570,70,1578,9333,1073,Van
101145,501145,Delhi,Ahmedabad,2025-05-09,2025-05-10,Delivered,5952,64,2171,15447,1011,Truck
101146,501146,Bangalore,Mumbai,2025-12-08,2025-12-13,Delivered,9471,77,2022,8739,1008,Truck
101147,501147,Pune,Kolkata,2026-06-08,2026-06-09,Delayed,9494,94,889,2927,1095,Container
101148,501148,Mumbai,Bangalore,2025-06-08,2025-06-13,Delivered,13386,97,76,392,1089,Mini Truck
101149,501149,Delhi,Mumbai,2025-01-01,2025-01-03,Delivered,4686,71,446,1616,1061,Truck
101150,501150,Chennai,Jaipur,2026-02-05,2026-02-07,Delivered,4128,43,1707,13493,1031,Van
101151,501151,Chennai,Jaipur,2025-05-07,2025-05-08,Delivered,3892,28,630,4155,1031,Mini Truck
101152,501152,Chennai,Lucknow,2025-07-25,2025-07-30,Delivered,1974,42,2784,21645,1064,Van
101153,501153,Pune,Hyderabad,2026-02-05,2026-02-07,Delivered,8896,64,1757,8497,1004,Van
101154,501154,Hyderabad,Mumbai,2026-02-03,2026-02-08,Delivered,1062,9,2692,19955,1080,Container
101155,501155,Delhi,Chennai,2025-05-23,2025-05-31,Delivered,2200,40,87,388,1065,Mini Truck
101156,501156,Bangalore,Lucknow,2026-02-04,2026-02-07,Delivered,7040,88,670,4092,1073,Van
101157,501157,Hyderabad,Pune,2025-10-13,2025-10-18,Delayed,6435,55,329,1697,1061,Mini Truck
101158,501158,Chennai,Lucknow,2026-06-23,2026-06-29,Delivered,6320,80,2428,13875,1052,Truck
101159,501159,Delhi,Delhi,2025-06-12,2025-06-14,Delivered,5168,68,2001,13365,1099,Mini Truck
101160,501160,Delhi,Pune,2026-01-29,2026-02-05,Delayed,1469,13,303,1174,1005,Truck
101161,501161,Hyderabad,Chennai,2025-01-31,,In Transit,5704,46,490,2436,1018,Mini Truck
101162,501162,Mumbai,Hyderabad,2026-05-18,2026-05-23,Delivered,4257,33,874,2964,1068,Mini Truck
101163,501163,Delhi,Kolkata,2025-01-25,2025-01-27,Delivered,4278,31,186,608,1001,Van
101164,501164,Hyderabad,Kolkata,2025-03-15,2025-03-24,Delivered,4148,68,828,4667,1061,Van
101165,501165,Bangalore,Kolkata,2025-05-22,2025-05-30,Delayed,4897,59,2611,19078,1073,Truck
101166,501166,Mumbai,Lucknow,2025-11-02,2025-11-10,Delivered,3774,34,260,1422,1003,Mini Truck
101167,501167,Bangalore,Hyderabad,2026-02-04,2026-02-06,Delivered,8236,116,696,2026,1074,Mini Truck
101168,501168,Chennai,Kolkata,2026-05-28,2026-06-07,Delivered,1488,12,2286,16927,1075,Container
101169,501169,Bangalore,Delhi,2025-02-03,2025-02-08,Delivered,3960,30,1420,4013,1027,Van
101170,501170,Pune,Delhi,2025-08-30,2025-09-09,Delivered,14880,120,2548,18071,1005,Van
101171,501171,Delhi,Ahmedabad,2025-03-24,,In Transit,4554,66,580,3757,1014,Truck
101172,501172,Hyderabad,Lucknow,2025-08-19,2025-08-26,Delivered,8910,66,1292,9268,1030,Truck
101173,501173,Delhi,Delhi,2025-07-20,2025-07-27,Delivered,9660,92,124,638,1050,Container
101174,501174,Pune,Pune,2026-03-17,2026-03-26,Delivered,2002,22,523,1646,1079,Van
101175,501175,Bangalore,Bangalore,2025-12-18,2025-12-19,Delivered,1610,35,1000,5737,1030,Container
101176,501176,Pune,Lucknow,2025-02-16,,Cancelled,834,6,1073,3018,1008,Mini Truck
101177,501177,Hyderabad,Pune,2025-10-17,2025-10-23,Delivered,5412,82,2733,21835,1017,Container
101178,501178,Hyderabad,Mumbai,2025-03-20,2025-03-29,Delivered,3875,31,2077,13591,1046,Mini Truck
101179,501179,Hyderabad,Hyderabad,2026-01-11,2026-01-16,Delayed,7656,116,2727,14719,1035,Van
101180,501180,Pune,Lucknow,2026-05-31,2026-06-06,Delivered,15000,120,1732,13385,1063,Van
101181,501181,Delhi,Bangalore,2025-05-21,,In Transit,5254,71,994,6541,1027,Truck
101182,501182,Bangalore,Pune,2025-02-06,,Cancelled,11092,94,1853,12420,1015,Truck
101183,501183,Hyderabad,Delhi,2025-10-04,2025-10-11,Delivered,1806,43,396,1597,1079,Container
101184,501184,Hyderabad,Delhi,2026-01-27,2026-01-28,Delivered,2739,33,892,3134,1056,Truck
101185,501185,Pune,Hyderabad,2025-02-02,2025-02-08,Delivered,1048,8,2543,18849,1034,Mini Truck
101186,501186,Delhi,Chennai,2026-03-21,,In Transit,14490,105,283,877,1050,Van
101187,501187,Chennai,Jaipur,2026-03-11,2026-03-21,Delivered,7004,103,2175,7381,1049,Container
101188,501188,Pune,Bangalore,2025-05-16,,In Transit,1800,40,1173,9376,1099,Van
101189,501189,Bangalore,Kolkata,2026-02-09,2026-02-14,Delivered,6069,51,1150,4459,1084,Truck
101190,501190,Delhi,Hyderabad,2025-11-25,,In Transit,10283,113,782,3945,1057,Truck
101191,501191,Hyderabad,Delhi,2026-01-03,2026-01-12,Delivered,1344,32,1723,9799,1011,Van
101192,501192,Chennai,Lucknow,2025-11-18,,Cancelled,4148,61,786,5276,1036,Van
101193,501193,Hyderabad,Pune,2025-08-21,2025-08-24,Delivered,13688,116,2581,7156,1015,Truck
101194,501194,Mumbai,Lucknow,2026-03-27,2026-03-28,Delivered,3150,75,983,7602,1034,Van
101195,501195,Delhi,Chennai,2025-02-15,2025-02-21,Delivered,1782,18,367,1813,1066,Truck
101196,501196,Mumbai,Bangalore,2025-11-30,2025-12-07,Delivered,1246,14,2679,19602,1019,Truck
101197,501197,Bangalore,Kolkata,2026-01-04,2026-01-11,Delivered,9758,119,2720,13841,1038,Truck
101198,501198,Mumbai,Chennai,2025-02-15,2025-02-18,Delivered,3840,80,154,900,1041,Van
101199,501199,Mumbai,Ahmedabad,2025-02-03,2025-02-06,Delivered,2385,53,2709,21004,1029,Container
101200,501200,Chennai,Mumbai,2026-06-25,2026-07-05,Delayed,6630,65,2750,14745,1041,Van
101201,501201,Mumbai,Kolkata,2025-10-28,,In Transit,6439,47,1045,7024,1047,Mini Truck
101202,501202,Hyderabad,Chennai,2025-04-29,2025-05-07,Delivered,7938,98,1729,5080,1072,Truck
101203,501203,Bangalore,Jaipur,2025-08-24,2025-08-31,Delivered,4760,34,2382,16786,1017,Mini Truck
101204,501204,Hyderabad,Kolkata,2025-05-22,2025-05-27,Delivered,2400,48,1335,3935,1054,Mini Truck
101205,501205,Chennai,Jaipur,2025-07-22,,In Transit,4212,117,1909,6523,1054,Van
101206,501206,Chennai,Jaipur,2025-04-14,2025-04-15,Delivered,4218,111,1817,11438,1010,Mini Truck
101207,501207,Chennai,Lucknow,2026-02-02,,In Transit,4300,50,572,3622,1031,Van
101208,501208,Delhi,Chennai,2025-12-11,2025-12-21,Delivered,792,18,235,1542,1046,Container
101209,501209,Hyderabad,Jaipur,2026-03-23,2026-03-31,Delivered,12032,94,601,2108,1099,Truck
101210,501210,Mumbai,Delhi,2026-01-14,2026-01-22,Delivered,4823,53,1362,4728,1093,Van
101211,501211,Delhi,Bangalore,2025-11-01,2025-11-02,Delivered,7854,77,2170,12345,1055,Van
101212,501212,Bangalore,Ahmedabad,2025-11-23,2025-11-26,Delayed,900,10,912,4883,1074,Van
101213,501213,Delhi,Chennai,2025-10-19,2025-10-24,Delivered,3640,40,2043,7620,1022,Van
101214,501214,Bangalore,Kolkata,2025-04-19,,In Transit,4770,90,1191,3606,1071,Mini Truck
101215,501215,Delhi,Kolkata,2025-02-10,,Cancelled,10138,74,2253,8050,1063,Truck
101216,501216,Bangalore,Bangalore,2025-10-16,,In Transit,9984,78,1796,8883,1017,Container
101217,501217,Bangalore,Mumbai,2025-05-03,2025-05-10,Delivered,3128,68,1127,8176,1036,Truck
101218,501218,Bangalore,Mumbai,2025-08-16,2025-08-22,Delayed,1925,25,2126,8543,1081,Truck
101219,501219,Pune,Chennai,2025-02-09,2025-02-18,Delivered,4770,45,829,5086,1081,Truck
101220,501220,Pune,Delhi,2025-09-09,2025-09-16,Delivered,14036,116,951,3400,1061,Mini Truck
101221,501221,Hyderabad,Pune,2026-05-24,2026-05-28,Delivered,8686,86,413,2979,1096,Mini Truck
101222,501222,Delhi,Ahmedabad,2025-03-10,2025-03-20,Delivered,1209,31,779,3739,1034,Container
101223,501223,Pune,Kolkata,2025-08-29,2025-09-06,Delivered,4176,72,2740,20079,1030,Van
101224,501224,Pune,Jaipur,2026-05-17,2026-05-24,Delayed,8424,81,1512,7779,1013,Mini Truck
101225,501225,Delhi,Hyderabad,2026-03-06,,Cancelled,5474,46,1063,5141,1023,Container
101226,501226,Bangalore,Mumbai,2025-12-22,2025-12-25,Delivered,14352,104,2031,14728,1077,Container
101227,501227,Pune,Bangalore,2025-01-30,2025-02-08,Delivered,1344,32,1725,9646,1042,Van
101228,501228,Pune,Chennai,2026-02-26,2026-03-06,Delivered,4012,59,1682,12645,1035,Container
101229,501229,Pune,Bangalore,2025-12-14,2025-12-15,Delivered,3828,44,1883,6999,1022,Mini Truck
101230,501230,Pune,Mumbai,2025-12-04,2025-12-13,Delivered,959,7,136,623,1100,Van
101231,501231,Bangalore,Lucknow,2025-03-06,2025-03-15,Delivered,3193,31,1533,5505,1021,Container
101232,501232,Pune,Bangalore,2025-10-25,2025-10-31,Delayed,2914,47,1743,9658,1032,Truck
101233,501233,Delhi,Delhi,2026-06-24,2026-07-01,Delivered,4240,106,2036,6847,1039,Truck
101234,501234,Mumbai,Bangalore,2025-02-04,2025-02-06,Delivered,12862,109,1597,7512,1095,Van
101235,501235,Delhi,Mumbai,2025-03-17,2025-03-24,Delivered,910,7,110,777,1078,Mini Truck
101236,501236,Delhi,Kolkata,2026-02-05,2026-02-15,Delivered,15390,114,1328,5684,1066,Truck
101237,501237,Bangalore,Hyderabad,2026-04-15,2026-04-20,Delivered,8360,88,2410,11016,1055,Truck
101238,501238,Mumbai,Ahmedabad,2025-10-13,2025-10-22,Delivered,5727,69,1051,2726,1064,Container
101239,501239,Bangalore,Lucknow,2025-04-21,2025-05-01,Delivered,1064,8,1677,6333,1048,Container
101240,501240,Chennai,Mumbai,2025-11-15,2025-11-17,Delivered,952,17,2347,8548,1063,Mini Truck
101241,501241,Delhi,Pune,2026-02-17,2026-02-25,Delivered,9372,71,2370,8954,1099,Container
101242,501242,Bangalore,Ahmedabad,2025-11-15,2025-11-18,Delayed,1107,9,1366,7662,1053,Truck
101243,501243,Bangalore,Bangalore,2026-05-16,2026-05-22,Delivered,6688,88,1015,5113,1062,Truck
101244,501244,Delhi,Ahmedabad,2025-03-21,2025-03-22,Delivered,3250,25,2179,6903,1026,Container
101245,501245,Delhi,Delhi,2026-03-11,2026-03-20,Delivered,8710,67,622,4545,1054,Container
101246,501246,Delhi,Hyderabad,2025-05-01,2025-05-06,Delivered,9797,97,1160,4956,1048,Mini Truck
101247,501247,Mumbai,Hyderabad,2026-06-20,2026-06-30,Delivered,9696,96,1570,9145,1061,Container
101248,501248,Mumbai,Chennai,2025-05-19,2025-05-27,Delivered,528,6,1351,4709,1061,Truck
101249,501249,Delhi,Hyderabad,2025-07-12,2025-07-14,Delivered,5621,73,1928,5824,1080,Container
101250,501250,Chennai,Pune,2025-03-10,2025-03-19,Delivered,9322,118,975,5809,1025,Van
101251,501251,Bangalore,Ahmedabad,2025-11-10,2025-11-17,Delivered,3848,37,2348,14155,1026,Truck
101252,501252,Chennai,Pune,2025-04-16,2025-04-21,Delayed,2889,27,1126,3448,1067,Container
101253,501253,Bangalore,Kolkata,2025-10-11,,Cancelled,11880,99,2572,19291,1027,Mini Truck
101254,501254,Delhi,Bangalore,2025-08-10,2025-08-20,Delivered,1288,23,637,3258,1001,Van
101255,501255,Delhi,Delhi,2025-05-21,2025-05-29,Delivered,5605,59,2773,11921,1065,Truck
101256,501256,Mumbai,Lucknow,2026-02-07,2026-02-14,Delivered,7600,95,1993,8399,1067,Van
101257,501257,Chennai,Mumbai,2025-08-08,,Cancelled,10836,86,1187,3900,1056,Container
101258,501258,Hyderabad,Hyderabad,2025-05-04,2025-05-11,Delivered,5016,88,1476,3895,1047,Container
101259,501259,Pune,Chennai,2026-03-11,2026-03-20,Delivered,9711,117,832,3792,1096,Truck
101260,501260,Mumbai,Jaipur,2026-01-05,2026-01-06,Delivered,6160,80,1321,3986,1048,Van
101261,501261,Chennai,Delhi,2025-10-07,2025-10-12,Delivered,7395,87,2010,5510,1090,Van
101262,501262,Bangalore,Delhi,2025-02-01,,In Transit,7475,65,2538,12689,1023,Container
101263,501263,Pune,Lucknow,2025-04-17,2025-04-18,Delivered,10375,83,677,4433,1017,Truck
101264,501264,Hyderabad,Mumbai,2025-02-27,2025-02-28,Delivered,4680,45,449,1807,1025,Truck
101265,501265,Bangalore,Chennai,2025-06-23,,In Transit,8080,80,1550,3995,1086,Container
101266,501266,Hyderabad,Delhi,2025-03-08,2025-03-17,Delivered,1035,23,1142,3939,1006,Van
101267,501267,Chennai,Bangalore,2026-06-02,2026-06-03,Delivered,4664,44,1171,5186,1044,Container
101268,501268,Chennai,Mumbai,2026-04-20,2026-04-22,Delivered,1624,28,403,1711,1081,Truck
101269,501269,Mumbai,Delhi,2025-08-11,2025-08-19,Delivered,1110,15,1060,7531,1083,Mini Truck
101270,501270,Pune,Pune,2025-11-14,2025-11-19,Delivered,1404,27,1192,6684,1053,Mini Truck
101271,501271,Mumbai,Hyderabad,2025-07-24,2025-07-29,Delivered,2584,38,1850,5565,1046,Van
101272,501272,Bangalore,Lucknow,2026-04-06,,In Transit,3588,92,748,5776,1075,Container
101273,501273,Mumbai,Lucknow,2025-08-04,,Cancelled,7020,60,1470,10231,1037,Mini Truck
101274,501274,Bangalore,Lucknow,2025-10-03,2025-10-07,Delivered,3572,38,943,3710,1015,Mini Truck
101275,501275,Hyderabad,Pune,2026-04-24,2026-04-30,Delivered,9163,77,1597,9160,1005,Van
101276,501276,Pune,Mumbai,2026-01-03,,In Transit,528,6,700,3580,1044,Truck
101277,501277,Mumbai,Chennai,2025-11-10,2025-11-19,Delivered,2548,28,139,966,1059,Container
101278,501278,Pune,Ahmedabad,2026-04-30,,In Transit,4107,37,1578,6877,1087,Container
101279,501279,Bangalore,Delhi,2025-08-28,2025-09-06,Delayed,1602,18,1774,11987,1074,Container
101280,501280,Chennai,Delhi,2025-06-17,2025-06-22,Delivered,14632,118,2494,19168,1026,Mini Truck
101281,501281,Mumbai,Chennai,2025-02-25,,Cancelled,6028,44,629,2769,1051,Mini Truck
101282,501282,Hyderabad,Delhi,2025-06-01,2025-06-04,Delivered,1935,43,1309,4601,1027,Container
101283,501283,Delhi,Bangalore,2025-06-07,2025-06-13,Delivered,275,5,2005,8813,1061,Container
101284,501284,Pune,Bangalore,2026-04-29,2026-05-07,Delivered,12540,95,1044,7875,1050,Mini Truck
101285,501285,Bangalore,Pune,2026-02-14,2026-02-19,Delayed,12099,109,1789,8347,1010,Van
101286,501286,Hyderabad,Kolkata,2025-01-28,2025-02-07,Delivered,2214,27,1013,4550,1065,Truck
101287,501287,Chennai,Kolkata,2026-02-12,,In Transit,4524,87,992,5207,1006,Mini Truck
101288,501288,Bangalore,Ahmedabad,2025-04-06,2025-04-09,Delivered,4189,59,667,2808,1087,Container
101289,501289,Delhi,Hyderabad,2026-03-08,2026-03-15,Delivered,4416,92,2169,10968,1011,Van
101290,501290,Pune,Mumbai,2026-02-19,2026-02-20,Delayed,1275,25,1356,7675,1050,Container
101291,501291,Delhi,Jaipur,2026-02-16,2026-02-17,Delivered,2924,43,1790,11780,1015,Container
101292,501292,Chennai,Chennai,2026-04-30,2026-05-09,Delivered,6885,51,507,1766,1055,Container
101293,501293,Pune,Mumbai,2025-06-03,2025-06-13,Delivered,3800,38,859,5987,1094,Container
101294,501294,Hyderabad,Delhi,2026-04-21,2026-04-23,Delivered,10788,116,2055,9286,1077,Van
101295,501295,Bangalore,Ahmedabad,2025-12-12,2025-12-13,Delivered,4218,74,1144,4705,1054,Truck
101296,501296,Hyderabad,Chennai,2025-11-01,2025-11-11,Delivered,2432,19,1513,4087,1095,Container
101297,501297,Mumbai,Pune,2025-03-28,2025-03-31,Delivered,11368,98,642,3347,1036,Van
101298,501298,Hyderabad,Kolkata,2025-09-07,,In Transit,12840,120,2194,11016,1010,Van
101299,501299,Bangalore,Delhi,2025-05-31,2025-06-02,Delivered,6731,53,2149,6303,1082,Van
101300,501300,Hyderabad,Ahmedabad,2025-01-23,2025-01-28,Delivered,12610,97,2724,20037,1056,Truck
101301,501301,Mumbai,Kolkata,2025-09-25,,Cancelled,8632,83,2155,15512,1032,Truck
101302,501302,Bangalore,Kolkata,2026-04-30,2026-05-07,Delivered,2800,40,810,4259,1006,Container
101303,501303,Mumbai,Hyderabad,2025-10-07,2025-10-11,Delivered,833,7,1747,5614,1035,Container
101304,501304,Chennai,Chennai,2025-04-10,2025-04-11,Delivered,5985,95,1379,3930,1037,Container
101305,501305,Chennai,Ahmedabad,2025-12-03,2025-12-11,Delivered,5928,76,101,441,1045,Container
101306,501306,Mumbai,Jaipur,2026-05-26,2026-05-29,Delivered,6097,91,1647,7767,1085,Truck
101307,501307,Pune,Jaipur,2025-12-20,2025-12-29,Delivered,3744,52,1295,8585,1058,Container
101308,501308,Delhi,Pune,2025-06-20,2025-06-30,Delivered,7920,60,1751,4602,1037,Container
101309,501309,Mumbai,Ahmedabad,2025-05-15,2025-05-17,Delivered,1054,17,1670,6115,1015,Van
101310,501310,Mumbai,Pune,2026-02-15,2026-02-21,Delivered,8888,101,941,7012,1036,Van
101311,501311,Bangalore,Mumbai,2025-11-22,2025-12-01,Delivered,4730,55,972,5075,1060,Van
101312,501312,Hyderabad,Pune,2025-07-01,2025-07-02,Delivered,9636,73,1418,7163,1023,Truck
101313,501313,Hyderabad,Kolkata,2026-03-05,,Cancelled,6612,57,823,2188,1029,Mini Truck
101314,501314,Chennai,Kolkata,2026-05-31,,Cancelled,10368,81,2387,11334,1003,Van
101315,501315,Chennai,Bangalore,2025-06-20,2025-06-28,Delivered,7544,92,422,1107,1077,Container
101316,501316,Chennai,Lucknow,2025-07-17,,In Transit,2050,25,1925,12467,1031,Mini Truck
101317,501317,Hyderabad,Bangalore,2025-11-27,2025-11-29,Delivered,7259,119,176,999,1059,Mini Truck
101318,501318,Pune,Kolkata,2026-03-31,,Cancelled,9964,106,774,4064,1015,Van
101319,501319,Mumbai,Bangalore,2026-04-19,2026-04-21,Delayed,610,5,182,1132,1067,Container
101320,501320,Hyderabad,Mumbai,2026-03-04,,Cancelled,5900,118,2250,14482,1078,Truck
101321,501321,Hyderabad,Jaipur,2025-03-03,2025-03-10,Delivered,8991,111,213,1000,1066,Container
101322,501322,Hyderabad,Mumbai,2025-04-17,2025-04-22,Delivered,13362,102,2424,16613,1093,Mini Truck
101323,501323,Bangalore,Ahmedabad,2025-12-14,2025-12-18,Delivered,6466,106,2026,8012,1043,Truck
101324,501324,Hyderabad,Jaipur,2025-09-08,2025-09-14,Delayed,3234,42,1871,12779,1090,Van
101325,501325,Chennai,Hyderabad,2025-02-06,2025-02-09,Delayed,2698,71,1231,4573,1048,Van
101326,501326,Pune,Hyderabad,2025-11-11,,In Transit,2900,25,2375,9918,1092,Container
101327,501327,Pune,Hyderabad,2025-06-08,2025-06-11,Delayed,1656,23,2538,18337,1033,Mini Truck
101328,501328,Delhi,Bangalore,2025-11-07,2025-11-08,Delivered,4826,38,1541,8163,1067,Container
101329,501329,Hyderabad,Kolkata,2025-06-24,,Cancelled,9570,87,688,4946,1041,Van
101330,501330,Hyderabad,Jaipur,2025-06-23,,In Transit,6336,66,768,5709,1002,Truck
101331,501331,Bangalore,Bangalore,2025-11-13,2025-11-16,Delivered,5360,40,2542,16543,1016,Mini Truck
101332,501332,Bangalore,Jaipur,2026-04-16,2026-04-17,Delivered,7168,112,2196,14444,1047,Truck
101333,501333,Hyderabad,Mumbai,2025-12-04,2025-12-09,Delivered,9675,75,2240,12224,1011,Truck
101334,501334,Hyderabad,Kolkata,2026-06-20,2026-06-25,Delivered,13161,107,798,6104,1032,Mini Truck
101335,501335,Pune,Jaipur,2025-07-01,2025-07-11,Delivered,2730,39,2310,6935,1025,Truck
101336,501336,Mumbai,Lucknow,2025-11-07,2025-11-11,Delivered,4752,36,2448,13946,1060,Truck
101337,501337,Chennai,Delhi,2025-11-23,2025-11-25,Delayed,1470,30,2009,9905,1061,Mini Truck
101338,501338,Delhi,Lucknow,2025-08-09,2025-08-14,Delivered,8393,77,89,432,1015,Container
101339,501339,Pune,Bangalore,2026-04-13,,Cancelled,4107,37,1717,6849,1081,Mini Truck
101340,501340,Bangalore,Lucknow,2026-05-10,2026-05-15,Delivered,2508,38,2229,9754,1087,Van
101341,501341,Pune,Jaipur,2025-04-25,,Cancelled,980,28,2047,8711,1066,Container
101342,501342,Hyderabad,Pune,2025-07-03,2025-07-10,Delivered,4277,91,1297,9843,1057,Van
101343,501343,Pune,Lucknow,2025-07-07,2025-07-09,Delivered,6324,102,999,4185,1040,Van
101344,501344,Chennai,Jaipur,2025-04-16,2025-04-26,Delivered,3751,31,2388,8000,1021,Mini Truck
101345,501345,Hyderabad,Pune,2025-06-11,2025-06-14,Delivered,4370,46,2165,13193,1054,Van
101346,501346,Mumbai,Hyderabad,2026-04-29,,In Transit,9102,111,1293,4263,1043,Van
101347,501347,Pune,Chennai,2026-04-06,2026-04-16,Delivered,1925,55,1758,11764,1052,Truck
101348,501348,Hyderabad,Chennai,2025-05-24,,Cancelled,3811,103,1173,8213,1026,Mini Truck
101349,501349,Pune,Hyderabad,2025-10-29,,In Transit,712,8,1368,9370,1042,Mini Truck
101350,501350,Mumbai,Kolkata,2026-05-31,2026-06-05,Delivered,1188,18,354,1197,1093,Container
101351,501351,Pune,Kolkata,2026-04-27,,Cancelled,840,10,2750,17277,1091,Container
101352,501352,Mumbai,Hyderabad,2026-01-20,2026-01-21,Delivered,6020,86,1453,7931,1057,Van
101353,501353,Delhi,Jaipur,2025-05-18,,In Transit,1876,14,1379,9002,1020,Mini Truck
101354,501354,Chennai,Hyderabad,2025-07-24,2025-08-01,Delivered,3888,36,1392,7664,1085,Van
101355,501355,Chennai,Lucknow,2025-10-26,2025-10-29,Delivered,13905,103,328,2081,1095,Van
101356,501356,Bangalore,Jaipur,2025-08-08,2025-08-16,Delivered,2754,34,1937,8390,1087,Van
101357,501357,Bangalore,Kolkata,2025-01-24,2025-01-31,Delivered,8142,59,1673,8657,1007,Truck
101358,501358,Chennai,Chennai,2025-01-17,2025-01-18,Delivered,9384,69,1389,7588,1037,Van
101359,501359,Pune,Mumbai,2025-03-19,2025-03-28,Delivered,10712,104,510,1718,1066,Truck
101360,501360,Chennai,Jaipur,2025-07-15,2025-07-22,Delayed,10246,109,1184,5898,1095,Mini Truck
101361,501361,Pune,Chennai,2025-03-16,2025-03-26,Delivered,4896,48,1909,12973,1095,Container
101362,501362,Delhi,Ahmedabad,2025-10-28,2025-11-04,Delivered,441,7,84,358,1020,Van
101363,501363,Mumbai,Kolkata,2025-12-01,2025-12-05,Delivered,8240,103,2402,17805,1092,Mini Truck
101364,501364,Mumbai,Pune,2025-07-31,2025-08-02,Delivered,896,8,2234,17190,1006,Mini Truck
101365,501365,Chennai,Chennai,2025-03-12,2025-03-18,Delivered,2074,34,2745,9907,1021,Container
101366,501366,Bangalore,Bangalore,2025-08-11,2025-08-12,Delayed,1100,22,1850,13112,1049,Truck
101367,501367,Hyderabad,Bangalore,2026-01-25,2026-02-02,Delivered,3416,56,863,5816,1076,Truck
101368,501368,Delhi,Pune,2026-06-03,,In Transit,4850,97,2165,7352,1027,Truck
101369,501369,Hyderabad,Kolkata,2026-01-02,2026-01-08,Delayed,3538,58,832,6588,1065,Van
101370,501370,Hyderabad,Hyderabad,2026-06-05,2026-06-13,Delivered,581,7,79,546,1052,Truck
101371,501371,Bangalore,Chennai,2025-11-14,,In Transit,4380,60,2720,10231,1090,Truck
101372,501372,Pune,Ahmedabad,2026-04-28,2026-05-03,Delivered,7448,98,2701,7426,1032,Mini Truck
101373,501373,Chennai,Delhi,2025-05-12,2025-05-15,Delivered,12276,93,1974,5358,1077,Mini Truck
101374,501374,Pune,Hyderabad,2026-01-16,2026-01-19,Delivered,3306,58,756,5783,1020,Mini Truck
101375,501375,Bangalore,Mumbai,2025-06-16,2025-06-20,Delivered,5060,44,1703,7752,1034,Van
101376,501376,Delhi,Delhi,2025-12-06,2025-12-14,Delivered,783,9,641,1766,1049,Mini Truck
101377,501377,Mumbai,Mumbai,2025-01-16,2025-01-20,Delivered,688,16,1769,5516,1061,Container
101378,501378,Hyderabad,Lucknow,2026-03-27,2026-04-06,Delivered,3780,108,2658,11197,1061,Van
101379,501379,Mumbai,Chennai,2026-01-10,,Cancelled,8640,90,444,2313,1074,Mini Truck
101380,501380,Mumbai,Bangalore,2026-06-12,2026-06-15,Delivered,1485,33,2750,18115,1092,Container
101381,501381,Bangalore,Kolkata,2025-04-18,2025-04-23,Delivered,2044,28,2750,11845,1060,Van
101382,501382,Mumbai,Chennai,2026-03-09,2026-03-12,Delivered,10270,79,190,1421,1050,Truck
101383,501383,Mumbai,Pune,2025-01-15,2025-01-16,Delivered,6105,111,1024,4794,1002,Container
101384,501384,Hyderabad,Chennai,2025-07-12,2025-07-22,Delivered,3472,56,1901,9490,1034,Container
101385,501385,Delhi,Hyderabad,2026-06-11,,In Transit,3216,48,813,3557,1063,Container
101386,501386,Pune,Mumbai,2025-12-17,2025-12-22,Delayed,1157,13,1546,9326,1070,Mini Truck
101387,501387,Delhi,Bangalore,2026-04-14,,In Transit,2520,20,2304,9507,1045,Van
101388,501388,Hyderabad,Ahmedabad,2025-03-26,,Cancelled,5865,69,797,5587,1066,Mini Truck
101389,501389,Mumbai,Bangalore,2025-01-18,2025-01-24,Delivered,9648,72,2511,8373,1068,Truck
101390,501390,Chennai,Chennai,2025-08-24,2025-09-02,Delivered,1430,26,1583,4829,1022,Mini Truck
101391,501391,Pune,Pune,2026-03-11,,In Transit,3440,40,250,1032,1067,Container
101392,501392,Hyderabad,Jaipur,2025-11-26,2025-12-01,Delivered,335,5,356,2276,1086,Van
101393,501393,Mumbai,Kolkata,2025-03-10,2025-03-17,Delivered,2112,22,638,4480,1098,Mini Truck
101394,501394,Hyderabad,Pune,2026-03-06,2026-03-10,Delivered,1584,36,1485,5560,1036,Mini Truck
101395,501395,Hyderabad,Mumbai,2025-06-05,2025-06-08,Delivered,12012,91,1178,5066,1082,Truck
101396,501396,Chennai,Hyderabad,2026-06-21,2026-07-01,Delivered,7735,65,1001,4915,1016,Container
101397,501397,Mumbai,Mumbai,2025-12-16,,In Transit,670,10,1612,5030,1060,Container
101398,501398,Chennai,Pune,2026-05-14,2026-05-18,Delayed,3266,71,472,3769,1078,Van
101399,501399,Mumbai,Jaipur,2026-03-19,2026-03-21,Delivered,14605,115,1197,7814,1033,Van
101400,501400,Hyderabad,Hyderabad,2026-01-01,2026-01-03,Delivered,6336,96,2038,11661,1029,Container
101401,501401,Pune,Hyderabad,2025-04-17,,Cancelled,11660,110,2048,11953,1073,Container
101402,501402,Chennai,Lucknow,2026-01-27,2026-01-29,Delivered,3760,80,2682,15196,1016,Mini Truck
101403,501403,Bangalore,Kolkata,2026-03-08,2026-03-09,Delayed,6615,49,2700,13287,1059,Truck
101404,501404,Hyderabad,Ahmedabad,2025-01-27,2025-01-30,Delivered,616,8,2632,8010,1053,Truck
101405,501405,Pune,Jaipur,2025-09-17,2025-09-23,Delivered,3500,50,1068,5289,1007,Van
101406,501406,Hyderabad,Hyderabad,2025-06-14,2025-06-23,Delivered,11223,87,1368,6439,1045,Mini Truck
101407,501407,Hyderabad,Mumbai,2025-12-08,2025-12-17,Delivered,7425,99,982,6930,1013,Truck
101408,501408,Pune,Ahmedabad,2025-11-17,2025-11-20,Delivered,6060,101,1617,6396,1091,Container
101409,501409,Bangalore,Chennai,2026-03-25,,In Transit,5656,101,702,3001,1015,Mini Truck
101410,501410,Chennai,Hyderabad,2026-06-03,2026-06-12,Delivered,4326,42,2343,8150,1080,Truck
101411,501411,Mumbai,Mumbai,2025-04-03,2025-04-10,Delivered,6042,114,1128,7261,1069,Van
101412,501412,Hyderabad,Pune,2026-01-30,2026-02-04,Delivered,3735,83,2385,10210,1029,Container
101413,501413,Delhi,Bangalore,2025-06-08,2025-06-13,Delivered,504,8,2075,14696,1029,Mini Truck
101414,501414,Mumbai,Jaipur,2025-08-10,2025-08-15,Delivered,4068,36,135,696,1057,Container
101415,501415,Chennai,Lucknow,2025-07-16,2025-07-25,Delivered,9085,79,1686,9551,1050,Van
101416,501416,Pune,Chennai,2025-09-27,2025-10-03,Delivered,9000,120,1011,5532,1010,Mini Truck
101417,501417,Bangalore,Bangalore,2025-05-12,2025-05-21,Delivered,9785,95,1998,8439,1078,Mini Truck
101418,501418,Pune,Chennai,2025-08-18,2025-08-28,Delivered,10416,112,267,1576,1064,Container
101419,501419,Delhi,Pune,2025-01-23,2025-02-01,Delivered,6952,88,285,1459,1091,Mini Truck
101420,501420,Delhi,Chennai,2025-03-08,,Cancelled,2680,40,2383,18373,1094,Truck
101421,501421,Pune,Kolkata,2026-05-18,2026-05-21,Delivered,6545,55,931,4642,1069,Van
101422,501422,Bangalore,Bangalore,2026-06-05,,In Transit,2806,23,2260,12944,1001,Truck
101423,501423,Pune,Chennai,2025-05-03,2025-05-05,Delayed,8466,83,310,1480,1021,Mini Truck
101424,501424,Mumbai,Kolkata,2025-07-03,,In Transit,784,8,2709,17629,1043,Truck
101425,501425,Delhi,Ahmedabad,2026-02-01,2026-02-08,Delayed,4888,94,1993,14269,1024,Truck
101426,501426,Bangalore,Chennai,2025-07-01,2025-07-06,Delivered,3944,68,421,1655,1026,Mini Truck
101427,501427,Bangalore,Mumbai,2025-12-14,2025-12-16,Delivered,2664,72,1105,8106,1008,Truck
101428,501428,Pune,Chennai,2025-04-08,2025-04-17,Delivered,456,6,69,318,1004,Van
101429,501429,Delhi,Pune,2025-07-13,2025-07-21,Delivered,1736,28,2242,17637,1013,Mini Truck
101430,501430,Chennai,Chennai,2025-07-01,,In Transit,9405,95,777,2578,1057,Truck
101431,501431,Chennai,Delhi,2025-05-04,2025-05-09,Delayed,3318,42,491,3072,1076,Mini Truck
101432,501432,Delhi,Jaipur,2025-07-17,2025-07-27,Delivered,5712,48,1912,10542,1050,Container
101433,501433,Delhi,Lucknow,2025-03-09,2025-03-15,Delivered,3197,23,1030,5355,1052,Truck
101434,501434,Bangalore,Delhi,2026-05-07,2026-05-17,Delayed,782,17,2179,13399,1042,Container
101435,501435,Chennai,Bangalore,2025-10-17,2025-10-25,Delivered,7344,102,861,6623,1055,Container
101436,501436,Hyderabad,Ahmedabad,2025-03-26,2025-04-03,Delivered,1908,18,1366,7052,1050,Van
101437,501437,Hyderabad,Hyderabad,2025-02-26,2025-02-27,Delivered,2146,29,415,3073,1096,Mini Truck
101438,501438,Pune,Chennai,2025-02-19,2025-02-20,Delivered,2537,43,1626,7210,1069,Truck
101439,501439,Pune,Ahmedabad,2026-06-05,2026-06-08,Delivered,8540,70,1568,9949,1028,Truck
101440,501440,Hyderabad,Pune,2025-08-15,2025-08-17,Delivered,9408,96,883,3211,1082,Truck
101441,501441,Delhi,Ahmedabad,2025-07-30,,In Transit,665,19,1239,9260,1085,Van
101442,501442,Mumbai,Ahmedabad,2025-08-22,2025-08-29,Delivered,530,10,688,3985,1080,Van
101443,501443,Hyderabad,Kolkata,2025-11-14,2025-11-19,Delivered,5016,57,91,639,1049,Van
101444,501444,Mumbai,Jaipur,2025-09-17,2025-09-24,Delivered,510,10,1889,11610,1029,Truck
101445,501445,Pune,Mumbai,2025-04-29,2025-05-07,Delivered,1339,13,801,3444,1095,Van
101446,501446,Pune,Ahmedabad,2025-10-19,2025-10-24,Delivered,7752,114,2385,7385,1016,Container
101447,501447,Mumbai,Mumbai,2026-05-25,2026-06-03,Delivered,864,9,1970,6109,1030,Truck
101448,501448,Hyderabad,Pune,2025-03-27,2025-03-29,Delayed,3955,35,1835,8330,1095,Mini Truck
101449,501449,Hyderabad,Kolkata,2025-02-12,2025-02-21,Delivered,13699,103,824,3013,1041,Truck
101450,501450,Chennai,Delhi,2025-06-06,2025-06-11,Delivered,2538,27,1484,5347,1083,Truck
101451,501451,Hyderabad,Ahmedabad,2025-06-06,,In Transit,4347,69,310,1088,1025,Van
101452,501452,Pune,Jaipur,2025-01-26,,In Transit,1456,13,1056,5709,1072,Mini Truck
101453,501453,Mumbai,Lucknow,2025-11-22,2025-11-24,Delivered,5871,57,2171,5636,1093,Mini Truck
101454,501454,Pune,Chennai,2026-01-15,2026-01-17,Delivered,3220,92,1007,4628,1073,Truck
101455,501455,Hyderabad,Kolkata,2025-05-03,,In Transit,3978,102,2623,14688,1010,Truck
101456,501456,Pune,Jaipur,2026-01-31,2026-02-10,Delivered,7020,54,1891,7199,1063,Van
101457,501457,Bangalore,Jaipur,2026-05-06,,In Transit,2472,24,1910,14013,1029,Mini Truck
101458,501458,Bangalore,Pune,2026-02-02,,Cancelled,9594,117,706,4638,1056,Van
101459,501459,Mumbai,Delhi,2026-04-16,2026-04-25,Delivered,9804,114,979,3120,1081,Van
101460,501460,Mumbai,Ahmedabad,2026-03-08,,In Transit,5733,63,1902,14717,1060,Van
101461,501461,Bangalore,Chennai,2026-02-13,2026-02-22,Delivered,1922,31,1057,6785,1073,Mini Truck
101462,501462,Pune,Kolkata,2026-01-08,,In Transit,6150,75,1722,10404,1028,Container
101463,501463,Mumbai,Jaipur,2025-04-22,2025-04-30,Delivered,3741,43,2604,7238,1028,Van
101464,501464,Chennai,Pune,2026-01-29,,In Transit,5460,60,788,2073,1027,Container
101465,501465,Chennai,Pune,2025-10-07,,Cancelled,12236,92,2357,7912,1052,Mini Truck
101466,501466,Mumbai,Ahmedabad,2025-11-21,2025-11-24,Delivered,7650,102,2043,11965,1098,Truck
101467,501467,Pune,Mumbai,2025-03-08,2025-03-09,Delivered,8855,115,266,1912,1041,Van
101468,501468,Mumbai,Pune,2025-08-07,2025-08-09,Delivered,3825,51,2602,14854,1058,Container
101469,501469,Bangalore,Pune,2025-10-24,2025-11-02,Delivered,1375,25,672,3214,1069,Container
101470,501470,Mumbai,Lucknow,2026-04-26,2026-05-01,Delivered,4557,93,1071,6588,1019,Container
101471,501471,Delhi,Delhi,2025-05-19,,In Transit,6240,65,1603,5510,1003,Van
101472,501472,Hyderabad,Kolkata,2025-07-06,2025-07-07,Delivered,5293,67,2371,17476,1011,Van
101473,501473,Delhi,Pune,2025-05-19,2025-05-26,Delivered,3264,24,504,3922,1026,Van
101474,501474,Bangalore,Mumbai,2025-12-30,2026-01-07,Delivered,770,7,2597,12459,1022,Van
101475,501475,Bangalore,Bangalore,2026-06-10,2026-06-19,Delivered,11640,120,146,620,1022,Truck
101476,501476,Pune,Bangalore,2025-11-10,2025-11-17,Delivered,3312,48,215,1424,1098,Container
101477,501477,Pune,Mumbai,2025-12-07,2025-12-10,Delivered,4176,116,2606,17044,1003,Van
101478,501478,Hyderabad,Bangalore,2026-04-27,2026-04-28,Delivered,11532,93,1157,5279,1047,Container
101479,501479,Hyderabad,Chennai,2025-05-16,,In Transit,10185,97,1121,3991,1037,Van
101480,501480,Delhi,Jaipur,2025-03-28,2025-04-03,Delayed,5635,115,2134,5605,1017,Truck
101481,501481,Mumbai,Mumbai,2025-07-01,2025-07-04,Delivered,10452,78,1020,3040,1010,Truck
101482,501482,Pune,Delhi,2025-12-16,,In Transit,4536,84,338,1928,1059,Van
101483,501483,Pune,Mumbai,2025-05-05,2025-05-08,Delivered,1740,30,382,1147,1012,Truck
101484,501484,Hyderabad,Bangalore,2025-08-04,2025-08-06,Delivered,6210,54,1362,7370,1061,Mini Truck
101485,501485,Pune,Jaipur,2025-07-10,2025-07-20,Delivered,10465,115,300,1055,1001,Truck
101486,501486,Mumbai,Bangalore,2025-09-27,2025-10-06,Delivered,9672,78,825,2625,1098,Truck
101487,501487,Mumbai,Pune,2025-11-26,2025-11-30,Delayed,2900,25,1666,11825,1038,Container
101488,501488,Chennai,Hyderabad,2025-08-12,2025-08-18,Delivered,10098,99,1036,2629,1088,Van
101489,501489,Bangalore,Pune,2025-03-08,2025-03-16,Delivered,5586,49,297,1976,1056,Truck
101490,501490,Pune,Jaipur,2025-01-13,,Cancelled,6825,91,411,2356,1047,Truck
101491,501491,Chennai,Hyderabad,2025-11-23,2025-12-01,Delivered,3796,52,2096,14040,1041,Mini Truck
101492,501492,Mumbai,Kolkata,2025-06-24,2025-06-30,Delivered,5358,57,1954,8370,1052,Container
101493,501493,Hyderabad,Jaipur,2025-06-06,2025-06-13,Delivered,3016,58,150,1025,1049,Mini Truck
101494,501494,Hyderabad,Chennai,2025-01-15,2025-01-18,Delivered,1392,24,2478,9152,1003,Container
101495,501495,Hyderabad,Pune,2025-10-05,2025-10-06,Delivered,3740,68,1656,6904,1071,Van
101496,501496,Mumbai,Bangalore,2026-05-14,2026-05-22,Delivered,3300,60,1832,9490,1086,Truck
101497,501497,Bangalore,Mumbai,2025-03-10,,Cancelled,10640,95,2002,8190,1031,Container
101498,501498,Mumbai,Ahmedabad,2026-05-18,2026-05-23,Delivered,6630,85,699,4171,1088,Container
101499,501499,Chennai,Mumbai,2025-05-13,2025-05-19,Delivered,13386,97,1579,9926,1017,Van
101500,501500,Chennai,Jaipur,2025-03-06,2025-03-12,Delivered,3538,58,1058,8141,1089,Mini Truck
101501,501501,Bangalore,Jaipur,2025-10-15,2025-10-25,Delivered,13144,106,1406,5018,1017,Van
101502,501502,Pune,Kolkata,2025-08-23,2025-09-02,Delivered,3395,35,1070,5990,1003,Van
101503,501503,Chennai,Mumbai,2026-01-29,2026-02-08,Delayed,4692,46,383,1991,1078,Van
101504,501504,Delhi,Jaipur,2026-02-03,2026-02-08,Delayed,7776,96,636,4555,1008,Container
101505,501505,Mumbai,Bangalore,2025-01-04,2025-01-14,Delivered,3498,66,2351,16010,1041,Container
101506,501506,Bangalore,Kolkata,2025-07-24,,In Transit,9657,87,820,4778,1038,Truck
101507,501507,Pune,Bangalore,2026-06-21,2026-06-26,Delayed,3204,36,1590,10102,1002,Van
101508,501508,Bangalore,Bangalore,2025-05-28,2025-05-29,Delivered,11616,88,2687,12945,1048,Container
101509,501509,Mumbai,Jaipur,2026-01-27,2026-02-06,Delivered,2928,61,1336,10224,1059,Van
101510,501510,Mumbai,Kolkata,2026-04-10,2026-04-20,Delivered,777,21,1372,4365,1042,Container
101511,501511,Bangalore,Pune,2025-11-19,,In Transit,2014,53,2303,13723,1083,Van
101512,501512,Hyderabad,Pune,2025-12-01,2025-12-02,Delivered,6612,87,1208,6777,1073,Truck
101513,501513,Chennai,Delhi,2025-05-16,2025-05-18,Delivered,1056,22,670,3601,1092,Mini Truck
101514,501514,Delhi,Chennai,2026-01-01,2026-01-08,Delivered,4704,48,334,1570,1008,Container
101515,501515,Pune,Ahmedabad,2025-06-08,2025-06-10,Delivered,10028,109,898,3030,1098,Van
101516,501516,Mumbai,Bangalore,2025-02-27,2025-03-08,Delivered,936,8,264,1883,1029,Container
101517,501517,Delhi,Delhi,2025-08-13,2025-08-16,Delayed,11484,116,613,2609,1050,Container
101518,501518,Delhi,Lucknow,2025-10-24,2025-10-31,Delivered,3000,75,328,1181,1005,Mini Truck
101519,501519,Mumbai,Kolkata,2026-05-19,2026-05-21,Delivered,7900,79,1557,11587,1022,Container
101520,501520,Mumbai,Pune,2025-01-08,,In Transit,7100,100,2600,10298,1048,Container
101521,501521,Mumbai,Bangalore,2025-09-20,2025-09-26,Delivered,10115,119,1116,3521,1037,Container
101522,501522,Delhi,Jaipur,2026-06-09,2026-06-13,Delayed,1120,28,511,2366,1014,Mini Truck
101523,501523,Mumbai,Kolkata,2025-11-02,,In Transit,10010,91,927,6487,1047,Container
101524,501524,Delhi,Bangalore,2025-09-16,2025-09-17,Delivered,2728,44,100,706,1043,Mini Truck
101525,501525,Hyderabad,Ahmedabad,2025-12-02,2025-12-09,Delivered,7954,82,726,3732,1077,Van
101526,501526,Pune,Bangalore,2025-03-21,2025-03-22,Delivered,12996,114,177,491,1002,Van
101527,501527,Delhi,Hyderabad,2026-04-01,2026-04-11,Delivered,1025,25,448,2026,1083,Mini Truck
101528,501528,Hyderabad,Chennai,2025-03-19,2025-03-20,Delivered,2150,43,193,803,1034,Container
101529,501529,Mumbai,Mumbai,2025-02-01,,In Transit,2340,65,765,2386,1093,Mini Truck
101530,501530,Hyderabad,Kolkata,2025-10-07,2025-10-17,Delivered,8448,66,309,1948,1028,Truck
101531,501531,Hyderabad,Ahmedabad,2025-01-31,2025-02-07,Delivered,9657,111,1957,6776,1002,Truck
101532,501532,Pune,Mumbai,2025-10-15,2025-10-23,Delivered,1140,30,1144,7083,1025,Mini Truck
101533,501533,Pune,Jaipur,2025-01-02,,Cancelled,900,10,2356,13132,1090,Container
101534,501534,Mumbai,Delhi,2025-10-21,2025-10-31,Delivered,7280,52,1918,9779,1021,Van
101535,501535,Pune,Chennai,2025-05-30,2025-06-05,Delivered,6213,57,762,3588,1060,Van
101536,501536,Bangalore,Pune,2026-05-22,2026-05-29,Delivered,2346,51,1818,10565,1018,Van
101537,501537,Bangalore,Jaipur,2026-04-07,2026-04-10,Delayed,9204,118,225,1189,1081,Mini Truck
101538,501538,Chennai,Chennai,2025-06-13,,In Transit,10842,78,621,4258,1089,Container
101539,501539,Delhi,Ahmedabad,2025-04-25,,Cancelled,7474,74,221,678,1001,Van
101540,501540,Chennai,Pune,2025-08-21,2025-08-27,Delivered,5092,67,528,3445,1048,Container
101541,501541,Chennai,Ahmedabad,2025-08-13,2025-08-20,Delivered,5859,93,485,2920,1059,Mini Truck
101542,501542,Pune,Bangalore,2025-01-01,,In Transit,6762,69,491,1617,1010,Van
101543,501543,Mumbai,Ahmedabad,2025-11-07,,In Transit,3478,74,2664,20602,1025,Truck
101544,501544,Delhi,Delhi,2025-10-30,2025-11-02,Delivered,4730,110,342,1331,1016,Container
101545,501545,Bangalore,Ahmedabad,2025-01-11,2025-01-16,Delivered,3936,48,1638,5972,1055,Container
101546,501546,Pune,Kolkata,2025-02-12,2025-02-13,Delivered,5372,68,1359,3629,1090,Container
101547,501547,Hyderabad,Lucknow,2025-04-11,2025-04-21,Delivered,10248,84,1487,7727,1004,Container
101548,501548,Delhi,Jaipur,2025-03-30,2025-04-08,Delivered,1056,16,389,2522,1092,Truck
101549,501549,Hyderabad,Ahmedabad,2025-12-12,2025-12-20,Delivered,666,9,1372,7600,1091,Container
101550,501550,Mumbai,Kolkata,2026-02-25,2026-02-28,Delivered,7920,80,165,815,1065,Mini Truck
101551,501551,Hyderabad,Hyderabad,2026-02-02,2026-02-11,Delayed,5896,88,249,1424,1090,Container
101552,501552,Mumbai,Jaipur,2025-10-28,,In Transit,1110,10,1239,5355,1015,Mini Truck
101553,501553,Delhi,Bangalore,2026-05-09,2026-05-10,Delivered,3078,54,2728,18410,1006,Van
101554,501554,Mumbai,Bangalore,2025-12-15,,In Transit,5056,79,2070,13301,1090,Truck
101555,501555,Delhi,Pune,2025-05-23,2025-06-02,Delivered,7007,77,146,763,1090,Container
101556,501556,Delhi,Lucknow,2026-01-13,2026-01-15,Delivered,2262,58,1990,8027,1072,Container
101557,501557,Delhi,Mumbai,2025-03-31,2025-04-06,Delivered,6435,65,1693,12792,1018,Truck
101558,501558,Delhi,Pune,2025-03-30,2025-04-03,Delivered,6448,62,2752,12530,1034,Container
101559,501559,Delhi,Pune,2026-02-28,2026-03-01,Delivered,1802,34,879,3649,1096,Container
101560,501560,Delhi,Chennai,2025-03-03,2025-03-04,Delivered,2280,19,2198,8709,1068,Truck
101561,501561,Bangalore,Pune,2025-11-24,,In Transit,15755,115,2017,7411,1085,Container
101562,501562,Hyderabad,Jaipur,2025-08-08,2025-08-15,Delivered,8625,75,2644,14483,1010,Mini Truck
101563,501563,Pune,Pune,2026-06-07,2026-06-09,Delivered,2904,66,2152,12081,1032,Container
101564,501564,Pune,Chennai,2025-08-19,,In Transit,7467,57,294,1433,1042,Container
101565,501565,Delhi,Bangalore,2026-01-18,2026-01-28,Delivered,14560,112,970,7266,1062,Container
101566,501566,Pune,Pune,2025-09-05,2025-09-10,Delivered,6120,68,357,2070,1054,Truck
101567,501567,Chennai,Mumbai,2025-05-30,2025-05-31,Delayed,4420,52,1186,4796,1084,Van
101568,501568,Bangalore,Lucknow,2025-12-01,,In Transit,11400,114,1974,10230,1097,Mini Truck
101569,501569,Hyderabad,Chennai,2025-04-04,2025-04-10,Delivered,8249,73,2167,12942,1033,Van
101570,501570,Bangalore,Hyderabad,2026-06-10,2026-06-16,Delivered,2065,35,2368,10459,1040,Mini Truck
101571,501571,Bangalore,Lucknow,2026-02-26,2026-03-08,Delivered,7021,59,2793,9875,1079,Mini Truck
101572,501572,Pune,Hyderabad,2025-07-14,2025-07-20,Delivered,10080,96,2273,9697,1060,Mini Truck
101573,501573,Delhi,Hyderabad,2025-09-10,2025-09-16,Delivered,3864,28,2702,14140,1032,Container
101574,501574,Hyderabad,Hyderabad,2026-04-16,2026-04-19,Delivered,1628,37,2532,9846,1049,Container
101575,501575,Delhi,Mumbai,2025-07-13,2025-07-18,Delayed,7140,68,1912,10916,1036,Container
101576,501576,Mumbai,Hyderabad,2025-02-22,,Cancelled,9435,85,2055,6359,1056,Container
101577,501577,Bangalore,Mumbai,2025-05-24,2025-05-30,Delivered,4080,102,273,1954,1036,Truck
101578,501578,Chennai,Lucknow,2025-10-02,2025-10-04,Delivered,6100,100,1783,4849,1085,Truck
101579,501579,Delhi,Mumbai,2025-12-12,,Cancelled,6887,97,1185,5763,1030,Mini Truck
101580,501580,Chennai,Kolkata,2025-10-01,,In Transit,2700,50,1018,2673,1075,Van
101581,501581,Mumbai,Pune,2026-01-28,2026-02-07,Delivered,322,7,706,3983,1079,Van
101582,501582,Hyderabad,Mumbai,2025-04-08,2025-04-15,Delivered,3069,33,1041,6092,1023,Mini Truck
101583,501583,Bangalore,Mumbai,2025-01-04,2025-01-09,Delivered,6660,60,2424,17386,1058,Mini Truck
101584,501584,Mumbai,Mumbai,2025-03-25,2025-04-02,Delivered,7869,61,665,4910,1079,Container
101585,501585,Delhi,Lucknow,2025-10-06,2025-10-14,Delivered,4680,60,2196,9380,1064,Container
101586,501586,Hyderabad,Kolkata,2025-07-30,2025-08-01,Delivered,4536,81,1596,10907,1027,Mini Truck
101587,501587,Bangalore,Chennai,2026-02-19,2026-02-24,Delivered,9960,120,995,5773,1061,Truck
101588,501588,Pune,Kolkata,2025-09-07,2025-09-09,Delivered,5208,62,139,784,1047,Container
101589,501589,Delhi,Jaipur,2026-03-23,2026-03-30,Delayed,1072,16,1841,8128,1035,Van
101590,501590,Bangalore,Jaipur,2025-06-11,2025-06-21,Delivered,9657,87,2168,11750,1026,Truck
101591,501591,Hyderabad,Chennai,2025-02-19,2025-02-21,Delayed,4370,95,700,4119,1071,Truck
101592,501592,Bangalore,Mumbai,2026-06-22,,In Transit,4464,62,660,2164,1056,Van
101593,501593,Mumbai,Bangalore,2026-02-24,2026-03-05,Delivered,598,13,999,5909,1074,Mini Truck
101594,501594,Bangalore,Lucknow,2026-04-27,,In Transit,7735,119,737,1912,1026,Truck
101595,501595,Delhi,Mumbai,2025-10-03,2025-10-06,Delayed,9782,73,558,2814,1098,Van
101596,501596,Pune,Pune,2025-06-06,2025-06-09,Delivered,2736,36,85,612,1099,Van
101597,501597,Chennai,Delhi,2026-05-28,2026-05-29,Delivered,3080,55,602,1665,1020,Mini Truck
101598,501598,Mumbai,Kolkata,2026-01-12,2026-01-17,Delivered,5952,64,1056,3657,1015,Mini Truck
101599,501599,Mumbai,Kolkata,2025-02-13,2025-02-20,Delivered,1562,22,52,261,1063,Container
101600,501600,Chennai,Lucknow,2026-02-18,,In Transit,6464,64,2701,12010,1078,Container
101601,501601,Bangalore,Lucknow,2026-02-22,2026-03-02,Delivered,1281,21,199,577,1048,Van
101602,501602,Delhi,Kolkata,2026-02-27,2026-03-04,Delivered,3900,52,147,761,1097,Truck
101603,501603,Mumbai,Ahmedabad,2025-05-31,2025-06-10,Delivered,12508,106,622,4270,1051,Mini Truck
101604,501604,Mumbai,Delhi,2025-08-21,,In Transit,3182,37,2043,10347,1060,Van
101605,501605,Mumbai,Jaipur,2025-05-14,2025-05-15,Delivered,4176,36,646,4893,1038,Van
101606,501606,Delhi,Chennai,2026-04-22,,In Transit,10620,118,2726,7986,1038,Van
101607,501607,Chennai,Lucknow,2026-05-04,2026-05-12,Delivered,1001,13,1493,5321,1065,Mini Truck
101608,501608,Delhi,Mumbai,2025-05-30,2025-06-08,Delayed,1482,39,295,1564,1081,Van
101609,501609,Delhi,Jaipur,2026-02-18,2026-02-28,Delivered,7182,63,1471,6319,1048,Truck
101610,501610,Chennai,Kolkata,2025-05-07,,In Transit,9180,102,2046,13708,1005,Truck
101611,501611,Mumbai,Ahmedabad,2025-12-05,2025-12-13,Delivered,6762,98,2651,8726,1098,Mini Truck
101612,501612,Delhi,Kolkata,2026-01-29,2026-02-02,Delivered,730,10,230,590,1018,Mini Truck
101613,501613,Hyderabad,Kolkata,2025-07-18,2025-07-21,Delivered,6313,59,2290,8938,1027,Truck
101614,501614,Delhi,Pune,2025-02-08,2025-02-16,Delivered,6615,105,320,1624,1022,Container
101615,501615,Delhi,Mumbai,2026-04-16,2026-04-22,Delayed,7885,83,1574,12208,1034,Van
101616,501616,Pune,Chennai,2026-06-24,2026-07-04,Delivered,9798,71,1192,6873,1032,Mini Truck
101617,501617,Delhi,Ahmedabad,2026-05-10,2026-05-19,Delivered,5461,43,2093,16643,1007,Van
101618,501618,Bangalore,Mumbai,2025-06-01,2025-06-05,Delivered,10998,117,1068,7986,1013,Van
101619,501619,Hyderabad,Ahmedabad,2026-03-06,2026-03-11,Delivered,825,15,1043,6181,1085,Truck
101620,501620,Bangalore,Delhi,2026-03-23,2026-03-30,Delivered,2280,24,1746,13760,1043,Van
101621,501621,Delhi,Hyderabad,2025-08-30,2025-09-07,Delivered,3410,55,2460,11633,1031,Van
101622,501622,Mumbai,Kolkata,2025-06-18,2025-06-28,Delivered,3818,46,2480,17837,1013,Truck
101623,501623,Delhi,Delhi,2025-06-03,2025-06-11,Delivered,16184,119,428,2972,1083,Mini Truck
101624,501624,Delhi,Delhi,2026-04-28,2026-05-01,Delivered,5082,42,1552,9732,1090,Van
101625,501625,Pune,Kolkata,2025-03-31,2025-04-05,Delivered,1833,47,459,3662,1011,Truck
101626,501626,Chennai,Delhi,2025-07-16,2025-07-23,Delayed,5280,110,2058,8170,1038,Truck
101627,501627,Chennai,Hyderabad,2025-05-22,2025-06-01,Delivered,6270,114,1114,6727,1090,Truck
101628,501628,Hyderabad,Kolkata,2025-08-18,2025-08-19,Delivered,6600,55,1437,4879,1061,Container
101629,501629,Bangalore,Lucknow,2025-11-10,2025-11-17,Delivered,7888,58,1013,8018,1040,Van
101630,501630,Mumbai,Bangalore,2026-04-18,2026-04-21,Delivered,378,9,375,2149,1016,Mini Truck
101631,501631,Delhi,Jaipur,2025-05-10,2025-05-12,Delivered,5043,41,1412,6014,1031,Container
101632,501632,Hyderabad,Ahmedabad,2025-05-06,,In Transit,11520,90,2311,13247,1091,Mini Truck
101633,501633,Hyderabad,Delhi,2026-01-08,2026-01-12,Delivered,2009,49,320,855,1033,Container
101634,501634,Mumbai,Jaipur,2026-04-20,2026-04-27,Delivered,9660,105,1375,4442,1042,Container
101635,501635,Pune,Chennai,2025-07-08,2025-07-11,Delivered,1702,37,1753,9076,1043,Mini Truck
101636,501636,Delhi,Pune,2025-09-03,2025-09-11,Delivered,5080,40,878,3066,1005,Truck
101637,501637,Pune,Chennai,2025-12-18,2025-12-24,Delayed,2304,48,61,314,1065,Mini Truck
101638,501638,Mumbai,Pune,2025-12-07,2025-12-16,Delivered,3400,40,2224,16441,1076,Mini Truck
101639,501639,Hyderabad,Delhi,2026-04-11,,Cancelled,5760,80,2291,12516,1097,Container
101640,501640,Delhi,Hyderabad,2025-12-07,2025-12-17,Delivered,8075,85,307,2168,1054,Container
101641,501641,Chennai,Kolkata,2025-08-25,,In Transit,6993,111,2470,12278,1039,Truck
101642,501642,Mumbai,Kolkata,2025-09-18,2025-09-19,Delivered,2880,72,988,3675,1058,Mini Truck
101643,501643,Hyderabad,Delhi,2026-03-17,2026-03-19,Delivered,11021,107,1170,8165,1070,Container
101644,501644,Delhi,Lucknow,2025-11-10,2025-11-11,Delayed,4216,68,2426,13191,1071,Van
101645,501645,Delhi,Bangalore,2026-02-03,2026-02-09,Delivered,3186,27,2282,8218,1088,Container
101646,501646,Delhi,Chennai,2025-09-09,,In Transit,357,7,457,3482,1094,Van
101647,501647,Mumbai,Hyderabad,2025-09-21,2025-09-28,Delivered,2511,31,721,2189,1037,Van
101648,501648,Chennai,Lucknow,2025-03-12,2025-03-15,Delivered,4060,116,547,4236,1009,Van
101649,501649,Mumbai,Mumbai,2026-04-08,2026-04-17,Delivered,9682,103,2239,11887,1062,Van
101650,501650,Delhi,Chennai,2025-04-05,2025-04-12,Delivered,11232,108,825,6350,1093,Truck
101651,501651,Chennai,Mumbai,2025-03-06,2025-03-12,Delivered,3475,25,2188,13767,1025,Container
101652,501652,Pune,Chennai,2025-01-31,2025-02-07,Delivered,5088,106,1821,12637,1100,Container
101653,501653,Mumbai,Pune,2025-07-14,2025-07-22,Delivered,13520,104,2451,15528,1096,Mini Truck
101654,501654,Pune,Jaipur,2026-04-14,2026-04-20,Delivered,1170,30,221,1103,1001,Van
101655,501655,Delhi,Chennai,2025-12-13,2025-12-14,Delivered,2025,45,1948,6306,1013,Truck
101656,501656,Chennai,Pune,2026-04-30,2026-05-09,Delivered,4850,97,1445,8579,1005,Van
101657,501657,Mumbai,Hyderabad,2026-03-12,2026-03-14,Delivered,1440,12,1279,9979,1018,Van
101658,501658,Hyderabad,Pune,2025-10-15,2025-10-22,Delivered,1134,14,2224,6478,1040,Van
101659,501659,Hyderabad,Delhi,2025-01-27,,Cancelled,5796,46,806,2427,1018,Truck
101660,501660,Bangalore,Mumbai,2025-04-08,,Cancelled,7725,103,1417,10466,1024,Mini Truck
101661,501661,Chennai,Mumbai,2025-08-26,2025-08-31,Delivered,14672,112,2303,12613,1011,Van
101662,501662,Chennai,Hyderabad,2025-04-13,,In Transit,7474,101,216,1631,1054,Truck
101663,501663,Pune,Chennai,2025-10-03,2025-10-06,Delayed,1430,13,436,1099,1062,Truck
101664,501664,Hyderabad,Chennai,2026-02-20,2026-02-25,Delivered,2650,25,2470,18333,1032,Truck
101665,501665,Bangalore,Pune,2025-07-09,2025-07-19,Delivered,10810,94,475,3309,1061,Mini Truck
101666,501666,Pune,Pune,2025-06-23,2025-07-02,Delayed,1225,35,1720,10746,1035,Mini Truck
101667,501667,Hyderabad,Lucknow,2025-09-01,2025-09-05,Delivered,6972,83,2781,9896,1068,Van
101668,501668,Bangalore,Pune,2026-02-19,,Cancelled,4047,57,2418,9627,1079,Truck
101669,501669,Pune,Ahmedabad,2025-09-19,2025-09-27,Delivered,430,5,519,2983,1096,Van
101670,501670,Pune,Pune,2025-07-08,2025-07-18,Delayed,1320,20,2798,9033,1006,Mini Truck
101671,501671,Mumbai,Delhi,2025-03-15,2025-03-18,Delivered,1568,32,1182,6690,1084,Mini Truck
101672,501672,Pune,Mumbai,2025-01-15,2025-01-21,Delivered,1643,31,1881,6223,1083,Truck
101673,501673,Bangalore,Chennai,2026-02-25,2026-03-06,Delivered,8372,92,1176,7229,1082,Mini Truck
101674,501674,Mumbai,Ahmedabad,2025-12-28,2026-01-01,Delivered,4690,67,2052,10067,1033,Truck
101675,501675,Hyderabad,Jaipur,2025-06-12,2025-06-13,Delivered,10200,100,1929,7889,1053,Truck
101676,501676,Bangalore,Pune,2025-10-18,2025-10-25,Delivered,9785,103,106,723,1068,Truck
101677,501677,Chennai,Jaipur,2025-12-23,2025-12-27,Delivered,7626,62,872,6323,1062,Container
101678,501678,Bangalore,Pune,2026-05-07,2026-05-10,Delivered,819,7,1010,5224,1029,Mini Truck
101679,501679,Delhi,Hyderabad,2026-01-15,2026-01-17,Delivered,3939,39,2746,18939,1096,Container
101680,501680,Delhi,Mumbai,2025-04-20,2025-04-25,Delivered,4847,37,1050,8155,1072,Mini Truck
101681,501681,Pune,Jaipur,2025-01-04,2025-01-05,Delivered,4048,46,2318,13035,1001,Container
101682,501682,Mumbai,Pune,2025-04-22,2025-04-29,Delayed,4070,37,1163,4183,1052,Van
101683,501683,Delhi,Ahmedabad,2026-04-29,2026-05-03,Delivered,3588,46,237,1057,1098,Mini Truck
101684,501684,Chennai,Chennai,2026-05-20,2026-05-29,Delivered,336,7,362,2030,1018,Mini Truck
101685,501685,Hyderabad,Delhi,2025-07-29,2025-08-07,Delivered,4752,99,347,2167,1071,Container
101686,501686,Pune,Pune,2025-08-15,2025-08-19,Delayed,2028,52,446,1744,1076,Container
101687,501687,Delhi,Hyderabad,2026-04-06,,In Transit,1040,16,1445,8474,1012,Van
101688,501688,Chennai,Lucknow,2025-09-04,2025-09-09,Delivered,8806,74,734,4892,1094,Truck
101689,501689,Hyderabad,Bangalore,2026-02-26,,In Transit,1683,17,413,2356,1074,Van
101690,501690,Delhi,Ahmedabad,2025-12-24,,In Transit,10706,101,1902,12035,1004,Truck
101691,501691,Pune,Kolkata,2025-01-22,2025-01-26,Delivered,1728,27,692,4536,1094,Mini Truck
101692,501692,Mumbai,Bangalore,2025-07-22,2025-07-30,Delivered,1104,12,2760,10324,1018,Truck
101693,501693,Delhi,Bangalore,2026-01-11,2026-01-16,Delivered,5994,111,1818,11423,1021,Container
101694,501694,Hyderabad,Delhi,2025-06-25,2025-07-04,Delivered,1296,27,1771,5253,1021,Mini Truck
101695,501695,Delhi,Pune,2026-03-02,2026-03-06,Delivered,6486,94,730,4690,1092,Van
101696,501696,Hyderabad,Pune,2025-08-09,,Cancelled,6667,59,755,5361,1057,Van
101697,501697,Bangalore,Hyderabad,2025-08-08,,In Transit,6420,107,132,624,1049,Container
101698,501698,Delhi,Kolkata,2025-04-29,2025-05-02,Delayed,7680,120,270,1769,1069,Truck
101699,501699,Chennai,Jaipur,2026-02-09,,In Transit,3239,79,603,3225,1069,Mini Truck
101700,501700,Mumbai,Bangalore,2025-02-21,2025-03-03,Delivered,4810,74,353,1928,1011,Van
101701,501701,Chennai,Lucknow,2025-04-06,2025-04-12,Delivered,10500,75,607,2112,1055,Container
101702,501702,Mumbai,Pune,2025-08-14,2025-08-16,Delivered,8094,71,655,3231,1055,Truck
101703,501703,Pune,Chennai,2026-04-17,2026-04-22,Delivered,4294,113,1433,3843,1002,Truck
101704,501704,Pune,Delhi,2025-02-01,2025-02-04,Delivered,11009,101,2659,7833,1089,Mini Truck
101705,501705,Hyderabad,Mumbai,2026-03-26,2026-04-04,Delayed,3654,87,1571,10731,1096,Truck
101706,501706,Pune,Pune,2025-12-28,2025-12-30,Delivered,12402,106,2114,8655,1038,Van
101707,501707,Mumbai,Mumbai,2025-06-01,2025-06-11,Delivered,5254,74,2002,10412,1099,Truck
101708,501708,Mumbai,Pune,2025-10-23,2025-10-24,Delivered,4275,45,1604,4366,1056,Container
101709,501709,Delhi,Delhi,2025-02-20,2025-02-25,Delivered,9794,118,1056,4645,1044,Truck
101710,501710,Bangalore,Lucknow,2025-10-09,2025-10-16,Delivered,2650,53,2356,8945,1020,Van
101711,501711,Chennai,Bangalore,2025-11-26,2025-11-27,Delivered,7140,51,1320,4535,1074,Container
101712,501712,Pune,Delhi,2025-02-10,2025-02-11,Delivered,3705,57,901,4285,1079,Container
101713,501713,Chennai,Chennai,2025-01-18,2025-01-27,Delayed,1204,28,565,1601,1007,Truck
101714,501714,Hyderabad,Hyderabad,2025-05-08,,In Transit,4896,72,70,415,1034,Mini Truck
101715,501715,Chennai,Jaipur,2026-05-26,,In Transit,2124,36,2162,9900,1098,Mini Truck
101716,501716,Chennai,Mumbai,2026-02-14,2026-02-17,Delivered,4823,91,318,2013,1080,Van
101717,501717,Pune,Pune,2026-06-19,2026-06-24,Delivered,3135,57,1268,3314,1054,Mini Truck
101718,501718,Bangalore,Lucknow,2026-03-18,2026-03-23,Delivered,4680,104,1081,5449,1006,Container
101719,501719,Bangalore,Ahmedabad,2025-06-10,2025-06-16,Delivered,4040,101,1240,4372,1030,Van
101720,501720,Bangalore,Lucknow,2025-07-11,2025-07-12,Delivered,8550,90,396,1811,1053,Van
101721,501721,Bangalore,Lucknow,2026-06-02,,In Transit,896,7,975,3021,1031,Mini Truck
101722,501722,Bangalore,Chennai,2025-05-18,2025-05-19,Delivered,3549,91,1442,5902,1082,Truck
101723,501723,Bangalore,Bangalore,2025-07-29,,In Transit,1829,31,1504,10613,1033,Van
101724,501724,Pune,Mumbai,2026-02-09,2026-02-12,Delayed,4968,108,468,1413,1077,Container
101725,501725,Chennai,Jaipur,2025-05-07,2025-05-17,Delivered,3300,30,1037,3113,1087,Mini Truck
101726,501726,Hyderabad,Bangalore,2025-05-18,2025-05-24,Delivered,2871,33,210,1512,1093,Truck
101727,501727,Delhi,Kolkata,2026-06-02,2026-06-08,Delivered,5076,54,440,3424,1053,Truck
101728,501728,Delhi,Pune,2025-08-02,,In Transit,11880,108,170,524,1100,Container
101729,501729,Delhi,Lucknow,2025-05-11,,In Transit,4752,72,103,647,1043,Container
101730,501730,Pune,Jaipur,2025-09-28,2025-10-08,Delayed,700,20,1751,12874,1088,Mini Truck
101731,501731,Hyderabad,Chennai,2025-12-21,2025-12-22,Delivered,1568,14,1324,3826,1016,Van
101732,501732,Delhi,Lucknow,2025-10-27,2025-11-03,Delivered,5616,72,2005,14254,1076,Mini Truck
101733,501733,Hyderabad,Bangalore,2025-06-24,2025-06-27,Delayed,3584,32,2534,13385,1010,Mini Truck
101734,501734,Hyderabad,Hyderabad,2025-12-10,2025-12-12,Delivered,624,16,1095,6925,1094,Van
101735,501735,Mumbai,Lucknow,2026-02-22,,In Transit,1150,10,1552,4061,1044,Mini Truck
101736,501736,Hyderabad,Ahmedabad,2026-03-15,2026-03-16,Delivered,3479,71,443,2925,1055,Truck
101737,501737,Delhi,Bangalore,2025-02-26,2025-03-02,Delivered,4335,51,1649,12144,1012,Truck
101738,501738,Hyderabad,Pune,2026-04-12,2026-04-16,Delivered,2261,17,768,2843,1044,Van
101739,501739,Delhi,Ahmedabad,2026-06-06,2026-06-13,Delivered,7566,78,495,2942,1063,Container
101740,501740,Chennai,Pune,2025-08-04,,Cancelled,7992,111,1130,7484,1006,Truck
101741,501741,Mumbai,Hyderabad,2025-01-06,2025-01-14,Delayed,8112,104,844,3495,1062,Mini Truck
101742,501742,Hyderabad,Delhi,2025-08-06,2025-08-12,Delivered,3403,83,558,1709,1048,Container
101743,501743,Pune,Delhi,2025-02-18,2025-02-28,Delivered,10823,79,315,1288,1074,Mini Truck
101744,501744,Delhi,Jaipur,2025-09-19,2025-09-22,Delivered,7000,56,2498,14114,1081,Container
101745,501745,Chennai,Kolkata,2026-01-20,,In Transit,9345,89,1264,7621,1098,Container
101746,501746,Delhi,Lucknow,2025-10-30,2025-11-05,Delivered,9164,79,1623,12554,1032,Mini Truck
101747,501747,Bangalore,Kolkata,2025-04-16,2025-04-25,Delivered,12626,118,1318,7780,1025,Mini Truck
101748,501748,Mumbai,Mumbai,2025-07-09,,In Transit,7776,108,963,6541,1100,Container
101749,501749,Hyderabad,Kolkata,2025-02-26,2025-02-27,Delivered,4104,76,1987,9316,1016,Container
101750,501750,Hyderabad,Delhi,2026-03-29,2026-04-02,Delivered,5588,44,2350,8823,1078,Mini Truck
101751,501751,Bangalore,Kolkata,2026-01-06,2026-01-15,Delivered,2332,22,2742,18271,1037,Truck
101752,501752,Bangalore,Ahmedabad,2025-05-01,,Cancelled,13560,120,2369,11579,1004,Mini Truck
101753,501753,Hyderabad,Kolkata,2026-01-03,2026-01-06,Delivered,4140,60,2757,8310,1071,Container
101754,501754,Chennai,Ahmedabad,2025-12-19,2025-12-21,Delivered,3996,111,937,5237,1055,Truck
101755,501755,Pune,Pune,2025-07-14,2025-07-20,Delayed,10218,78,1429,4517,1025,Van
101756,501756,Hyderabad,Lucknow,2025-06-02,2025-06-07,Delivered,7797,113,2134,12682,1006,Truck
101757,501757,Mumbai,Jaipur,2025-08-18,2025-08-27,Delivered,5100,60,2509,18793,1050,Truck
101758,501758,Delhi,Mumbai,2026-02-01,2026-02-03,Delivered,885,15,2787,19449,1043,Truck
101759,501759,Delhi,Mumbai,2026-01-20,2026-01-30,Delivered,3915,87,1193,4905,1078,Truck
101760,501760,Pune,Chennai,2025-02-25,2025-02-28,Delivered,11615,115,2628,9401,1075,Container
101761,501761,Pune,Ahmedabad,2025-05-28,2025-06-03,Delivered,2310,33,2661,10605,1064,Container
101762,501762,Hyderabad,Kolkata,2025-10-16,2025-10-17,Delivered,4992,96,1889,12265,1098,Container
101763,501763,Pune,Pune,2025-05-21,2025-05-30,Delivered,13910,107,427,3116,1093,Container
101764,501764,Hyderabad,Delhi,2025-06-14,2025-06-24,Delivered,481,13,1129,5289,1068,Van
101765,501765,Delhi,Bangalore,2025-07-23,2025-07-27,Delivered,1200,16,593,2649,1022,Mini Truck
101766,501766,Bangalore,Ahmedabad,2025-04-22,2025-04-24,Delivered,3904,64,93,667,1022,Truck
101767,501767,Delhi,Kolkata,2025-06-17,2025-06-19,Delivered,2145,33,1778,12514,1086,Van
101768,501768,Mumbai,Jaipur,2026-05-23,2026-05-29,Delivered,3127,53,546,2020,1010,Van
101769,501769,Bangalore,Hyderabad,2025-02-20,2025-02-23,Delayed,8740,115,2420,6686,1051,Van
101770,501770,Chennai,Delhi,2025-04-07,2025-04-12,Delivered,1012,11,1018,3692,1033,Truck
101771,501771,Hyderabad,Jaipur,2025-04-21,,In Transit,15480,120,1947,13337,1086,Mini Truck
101772,501772,Mumbai,Mumbai,2025-01-15,,In Transit,8342,86,427,3167,1076,Mini Truck
101773,501773,Delhi,Bangalore,2025-09-25,2025-10-02,Delivered,2704,26,2395,10467,1063,Container
101774,501774,Mumbai,Ahmedabad,2025-08-26,,In Transit,3626,74,1045,7486,1023,Van
101775,501775,Hyderabad,Delhi,2025-12-13,2025-12-21,Delivered,9702,99,143,975,1076,Container
101776,501776,Hyderabad,Mumbai,2026-04-10,2026-04-11,Delivered,3640,56,2083,15521,1067,Mini Truck
101777,501777,Delhi,Chennai,2025-01-03,2025-01-06,Delivered,840,15,2748,9597,1081,Van
101778,501778,Bangalore,Pune,2025-03-30,,Cancelled,7371,91,2751,7101,1043,Container
101779,501779,Delhi,Hyderabad,2026-02-19,2026-02-21,Delivered,9443,71,2717,20795,1010,Mini Truck
101780,501780,Bangalore,Kolkata,2026-02-12,,Cancelled,4040,101,2483,13821,1069,Van
101781,501781,Mumbai,Ahmedabad,2025-10-23,2025-10-24,Delayed,975,25,569,4085,1005,Mini Truck
101782,501782,Pune,Lucknow,2026-03-20,,Cancelled,8019,81,1077,8432,1083,Mini Truck
101783,501783,Bangalore,Kolkata,2025-12-12,,In Transit,8715,83,2147,12801,1083,Truck
101784,501784,Bangalore,Chennai,2026-04-08,2026-04-17,Delivered,7749,63,196,1195,1012,Van
101785,501785,Mumbai,Bangalore,2026-02-16,2026-02-24,Delivered,3990,30,2258,17717,1024,Truck
101786,501786,Chennai,Jaipur,2025-10-09,2025-10-11,Delivered,10541,83,310,1845,1060,Container
101787,501787,Chennai,Lucknow,2026-05-20,2026-05-23,Delivered,12312,114,2604,19619,1065,Container
101788,501788,Pune,Pune,2025-05-13,2025-05-23,Delivered,3900,30,2073,5617,1083,Van
101789,501789,Pune,Lucknow,2025-01-01,2025-01-04,Delivered,12512,92,2610,9934,1007,Van
101790,501790,Delhi,Chennai,2026-02-04,2026-02-14,Delivered,5029,47,1920,5204,1087,Truck
101791,501791,Mumbai,Hyderabad,2025-06-30,2025-07-06,Delayed,7866,114,1584,6148,1068,Container
101792,501792,Hyderabad,Kolkata,2026-02-08,2026-02-14,Delivered,7920,110,2554,8993,1032,Mini Truck
101793,501793,Pune,Lucknow,2025-10-03,2025-10-07,Delayed,11960,115,846,6584,1074,Truck
101794,501794,Bangalore,Ahmedabad,2025-06-18,2025-06-24,Delivered,3696,28,2233,9732,1062,Mini Truck
101795,501795,Bangalore,Ahmedabad,2025-06-21,,Cancelled,2860,26,1703,6333,1089,Mini Truck
101796,501796,Bangalore,Lucknow,2026-01-14,2026-01-23,Delivered,2250,18,2343,10898,1047,Truck
101797,501797,Pune,Jaipur,2026-06-16,2026-06-23,Delivered,8588,113,2338,6046,1042,Container
101798,501798,Pune,Hyderabad,2025-09-25,2025-09-29,Delivered,5016,44,2622,8285,1087,Truck
101799,501799,Delhi,Jaipur,2026-05-11,2026-05-15,Delivered,7739,71,1416,5378,1005,Truck
101800,501800,Bangalore,Bangalore,2026-02-08,2026-02-14,Delivered,2016,42,1908,8199,1042,Mini Truck
101801,501801,Delhi,Bangalore,2025-06-27,2025-07-01,Delivered,10355,109,1768,11497,1068,Truck
101802,501802,Mumbai,Ahmedabad,2026-04-04,,In Transit,1140,10,115,455,1020,Truck
101803,501803,Bangalore,Mumbai,2025-02-06,2025-02-09,Delayed,7119,63,1618,8754,1016,Container
101804,501804,Chennai,Delhi,2025-05-15,2025-05-16,Delayed,1989,39,1528,5795,1066,Van
101805,501805,Hyderabad,Pune,2025-05-21,,In Transit,6688,76,1803,5086,1042,Container
101806,501806,Hyderabad,Lucknow,2026-03-29,2026-04-01,Delivered,2750,22,2068,9013,1044,Van
101807,501807,Chennai,Chennai,2026-03-09,,Cancelled,14310,106,1349,8660,1079,Van
101808,501808,Mumbai,Lucknow,2025-05-12,2025-05-22,Delivered,2760,20,389,2455,1043,Truck
101809,501809,Mumbai,Delhi,2025-02-10,2025-02-15,Delivered,3328,52,2668,15273,1030,Truck
101810,501810,Mumbai,Pune,2025-04-29,2025-05-05,Delayed,455,13,903,3866,1062,Truck
101811,501811,Chennai,Bangalore,2026-03-12,2026-03-15,Delivered,6532,92,461,1921,1067,Container
101812,501812,Hyderabad,Kolkata,2026-05-18,2026-05-22,Delivered,6844,59,1889,12918,1093,Van
101813,501813,Pune,Ahmedabad,2025-06-03,2025-06-06,Delayed,6579,51,2160,13759,1048,Van
101814,501814,Mumbai,Mumbai,2026-06-23,2026-06-26,Delivered,13110,95,2275,15902,1095,Mini Truck
101815,501815,Mumbai,Mumbai,2025-05-10,2025-05-13,Delivered,4095,117,2692,16012,1080,Truck
101816,501816,Delhi,Ahmedabad,2025-01-09,,In Transit,6248,71,1052,4148,1021,Mini Truck
101817,501817,Pune,Lucknow,2026-04-20,2026-04-29,Delivered,2236,26,1981,10603,1012,Container
101818,501818,Mumbai,Pune,2025-12-25,2025-12-31,Delivered,4028,38,1537,9149,1062,Mini Truck
101819,501819,Hyderabad,Pune,2025-02-03,2025-02-13,Delivered,2224,16,2142,14491,1086,Container
101820,501820,Hyderabad,Lucknow,2025-09-04,2025-09-11,Delayed,638,11,2300,14836,1016,Container
101821,501821,Mumbai,Mumbai,2026-04-14,2026-04-18,Delivered,6527,61,939,5732,1024,Truck
101822,501822,Bangalore,Pune,2025-06-26,2025-07-06,Delivered,10707,83,926,4413,1022,Truck
101823,501823,Pune,Ahmedabad,2025-12-01,2025-12-11,Delivered,1022,14,2672,10152,1071,Mini Truck
101824,501824,Mumbai,Pune,2025-11-29,2025-12-03,Delivered,11024,106,2415,8736,1072,Van
101825,501825,Bangalore,Ahmedabad,2025-05-06,2025-05-14,Delivered,6237,99,2069,7010,1051,Van
101826,501826,Mumbai,Delhi,2025-12-07,2025-12-12,Delivered,8814,78,2090,13449,1015,Mini Truck
101827,501827,Hyderabad,Kolkata,2026-03-26,2026-04-05,Delivered,1161,27,1852,6281,1043,Mini Truck
101828,501828,Pune,Kolkata,2026-04-25,2026-05-03,Delayed,6014,97,510,2650,1042,Mini Truck
101829,501829,Chennai,Lucknow,2026-06-16,2026-06-19,Delivered,416,8,453,3108,1051,Truck
101830,501830,Chennai,Bangalore,2025-06-27,2025-06-28,Delivered,3686,38,2320,13539,1088,Container
101831,501831,Chennai,Lucknow,2026-06-03,,In Transit,7442,61,1480,5414,1095,Van
101832,501832,Pune,Lucknow,2026-01-01,2026-01-10,Delivered,7535,55,299,2125,1097,Truck
101833,501833,Mumbai,Delhi,2025-10-12,,Cancelled,4095,35,1638,4833,1074,Van
101834,501834,Delhi,Jaipur,2025-03-10,2025-03-13,Delivered,1426,31,2386,6264,1020,Mini Truck
101835,501835,Pune,Kolkata,2025-12-23,2025-12-25,Delivered,4128,43,864,3477,1095,Mini Truck
101836,501836,Delhi,Kolkata,2025-07-21,,In Transit,7410,78,1752,5176,1088,Container
101837,501837,Delhi,Kolkata,2025-04-28,2025-04-29,Delivered,11008,86,668,2227,1027,Mini Truck
101838,501838,Delhi,Jaipur,2026-02-24,2026-02-27,Delivered,1232,11,521,3512,1087,Truck
101839,501839,Delhi,Mumbai,2026-01-27,2026-01-30,Delivered,1400,28,221,1303,1005,Container
101840,501840,Mumbai,Chennai,2026-03-25,,In Transit,3900,30,2601,16940,1005,Van
101841,501841,Chennai,Bangalore,2026-03-18,2026-03-22,Delivered,8687,73,104,362,1084,Van
101842,501842,Chennai,Mumbai,2025-06-03,2025-06-08,Delayed,1242,27,461,1873,1072,Container
101843,501843,Pune,Lucknow,2025-05-24,,In Transit,12420,115,85,523,1018,Mini Truck
101844,501844,Chennai,Hyderabad,2026-01-20,2026-01-30,Delivered,2291,29,1552,10039,1009,Truck
101845,501845,Mumbai,Kolkata,2025-12-20,2025-12-30,Delivered,9112,68,119,361,1059,Truck
101846,501846,Mumbai,Hyderabad,2025-07-15,2025-07-21,Delivered,7800,75,1387,6264,1040,Mini Truck
101847,501847,Mumbai,Delhi,2025-09-23,,In Transit,4484,118,689,2256,1062,Truck
101848,501848,Hyderabad,Mumbai,2026-01-06,2026-01-14,Delivered,3332,34,2333,9398,1022,Truck
101849,501849,Hyderabad,Mumbai,2026-03-18,2026-03-28,Delivered,448,7,1738,5587,1037,Truck
101850,501850,Bangalore,Chennai,2025-09-25,,Cancelled,2925,25,2637,6702,1090,Van
101851,501851,Delhi,Bangalore,2025-03-02,2025-03-12,Delivered,4998,51,1711,9589,1099,Container
101852,501852,Bangalore,Ahmedabad,2025-11-12,2025-11-18,Delivered,7381,61,2467,16728,1045,Van
101853,501853,Bangalore,Ahmedabad,2025-06-26,,In Transit,1776,37,2014,6550,1033,Container
101854,501854,Hyderabad,Delhi,2025-04-24,2025-04-25,Delivered,14111,103,535,3643,1016,Truck
101855,501855,Mumbai,Delhi,2026-02-27,2026-03-01,Delivered,4340,62,1682,11267,1012,Container
101856,501856,Mumbai,Ahmedabad,2026-06-13,2026-06-14,Delivered,9798,71,449,2917,1047,Container
101857,501857,Delhi,Pune,2025-02-01,,In Transit,2250,18,1453,4118,1011,Mini Truck
101858,501858,Chennai,Delhi,2026-02-23,2026-02-27,Delivered,1386,11,1942,7302,1011,Truck
101859,501859,Bangalore,Chennai,2025-10-10,2025-10-14,Delivered,6099,107,1690,5286,1026,Truck
101860,501860,Delhi,Kolkata,2026-03-22,2026-03-31,Delivered,13915,115,2213,9857,1055,Container
101861,501861,Chennai,Hyderabad,2026-05-24,2026-05-26,Delivered,5852,76,72,258,1086,Mini Truck
101862,501862,Chennai,Ahmedabad,2025-06-10,,In Transit,5490,61,1091,8065,1056,Mini Truck
101863,501863,Delhi,Chennai,2025-03-07,2025-03-10,Delivered,3478,94,1995,5339,1035,Container
101864,501864,Hyderabad,Ahmedabad,2025-04-13,2025-04-19,Delivered,3230,85,2463,16386,1015,Truck
101865,501865,Hyderabad,Kolkata,2026-05-13,2026-05-15,Delivered,1369,37,202,1337,1034,Mini Truck
101866,501866,Chennai,Lucknow,2025-03-11,,In Transit,9548,77,2634,10490,1001,Van
101867,501867,Mumbai,Mumbai,2025-11-21,2025-11-22,Delayed,4144,37,2550,13413,1076,Van
101868,501868,Pune,Kolkata,2026-05-24,,In Transit,5610,55,2532,20112,1082,Mini Truck
101869,501869,Pune,Mumbai,2025-07-23,2025-07-31,Delivered,12788,92,542,2590,1078,Van
101870,501870,Delhi,Ahmedabad,2026-01-27,,Cancelled,2328,24,935,3811,1007,Container
101871,501871,Hyderabad,Kolkata,2025-09-30,2025-10-03,Delivered,9180,102,1370,4804,1095,Van
101872,501872,Chennai,Kolkata,2025-04-27,,Cancelled,2666,62,110,705,1034,Mini Truck
101873,501873,Hyderabad,Pune,2025-01-27,2025-01-28,Delivered,9730,70,1937,14474,1022,Truck
101874,501874,Delhi,Ahmedabad,2025-02-26,,In Transit,10591,89,2775,7356,1085,Van
101875,501875,Delhi,Lucknow,2025-03-27,2025-04-06,Delivered,8658,78,2151,11345,1100,Container
101876,501876,Mumbai,Mumbai,2025-03-27,,Cancelled,693,7,2251,13377,1038,Truck
101877,501877,Delhi,Lucknow,2026-02-13,,In Transit,2236,43,2241,7583,1016,Container
101878,501878,Bangalore,Lucknow,2026-06-10,2026-06-14,Delayed,7722,78,1853,8442,1002,Mini Truck
101879,501879,Delhi,Delhi,2025-09-23,2025-09-30,Delivered,6175,65,1361,8392,1024,Mini Truck
101880,501880,Hyderabad,Kolkata,2025-03-29,2025-04-05,Delivered,1920,16,2704,8009,1021,Container
101881,501881,Pune,Kolkata,2025-10-04,2025-10-14,Delayed,9540,90,1784,13328,1020,Container
101882,501882,Pune,Ahmedabad,2026-05-04,2026-05-05,Delivered,4290,39,226,1005,1092,Truck
101883,501883,Bangalore,Mumbai,2026-03-10,2026-03-17,Delivered,1050,10,2074,12512,1023,Container
101884,501884,Bangalore,Lucknow,2025-08-18,2025-08-25,Delivered,6700,50,488,3718,1075,Container
101885,501885,Mumbai,Hyderabad,2025-02-16,,In Transit,4118,58,2670,18938,1049,Container
101886,501886,Chennai,Bangalore,2025-09-29,,In Transit,4071,59,154,768,1040,Mini Truck
101887,501887,Delhi,Jaipur,2025-01-12,2025-01-18,Delivered,954,18,1630,5507,1046,Mini Truck
101888,501888,Pune,Ahmedabad,2025-10-09,2025-10-12,Delivered,540,5,2108,16402,1100,Mini Truck
101889,501889,Bangalore,Lucknow,2026-02-14,2026-02-23,Delivered,1360,34,2565,18831,1018,Van
101890,501890,Hyderabad,Jaipur,2025-06-04,,Cancelled,9191,101,2209,12835,1009,Container
101891,501891,Delhi,Kolkata,2025-03-06,2025-03-08,Delivered,3520,32,512,3803,1093,Mini Truck
101892,501892,Bangalore,Kolkata,2025-06-17,,Cancelled,14616,116,887,4204,1030,Mini Truck
101893,501893,Hyderabad,Ahmedabad,2025-01-01,2025-01-05,Delivered,760,10,1092,6071,1013,Container
101894,501894,Bangalore,Delhi,2025-06-19,2025-06-24,Delivered,9898,101,1287,4241,1016,Truck
101895,501895,Hyderabad,Chennai,2025-02-02,,In Transit,6580,94,1234,3276,1073,Container
101896,501896,Hyderabad,Mumbai,2026-04-27,2026-05-05,Delayed,15827,119,317,1691,1090,Van
101897,501897,Chennai,Lucknow,2025-02-12,2025-02-13,Delivered,10810,115,1691,11977,1019,Truck
101898,501898,Bangalore,Mumbai,2026-03-30,2026-04-08,Delivered,15255,113,478,1790,1042,Mini Truck
101899,501899,Hyderabad,Ahmedabad,2025-09-29,2025-10-09,Delivered,10146,89,2255,15618,1032,Container
101900,501900,Pune,Kolkata,2026-03-27,2026-04-05,Delivered,3922,53,2373,14920,1012,Van
101901,501901,Bangalore,Kolkata,2025-09-25,,Cancelled,4387,107,2752,8554,1079,Mini Truck
101902,501902,Pune,Kolkata,2025-07-04,2025-07-12,Delivered,6324,51,1059,8056,1089,Truck
101903,501903,Bangalore,Mumbai,2025-03-14,2025-03-21,Delivered,5888,92,303,2144,1069,Container
101904,501904,Mumbai,Ahmedabad,2025-11-18,2025-11-21,Delivered,1853,17,2158,8479,1048,Truck
101905,501905,Hyderabad,Jaipur,2025-01-08,2025-01-18,Delivered,9504,88,2717,11292,1018,Van
101906,501906,Chennai,Kolkata,2025-09-14,2025-09-19,Delivered,6466,53,1586,11511,1095,Container
101907,501907,Hyderabad,Jaipur,2026-02-25,2026-03-04,Delivered,1368,38,712,4991,1040,Van
101908,501908,Hyderabad,Chennai,2026-05-17,2026-05-23,Delayed,7884,73,169,841,1040,Van
101909,501909,Mumbai,Bangalore,2026-06-03,2026-06-04,Delayed,3894,59,585,4220,1048,Van
101910,501910,Hyderabad,Ahmedabad,2025-05-14,,In Transit,2184,28,1765,11213,1007,Truck
101911,501911,Hyderabad,Chennai,2025-12-22,2025-12-23,Delivered,330,6,1792,12912,1016,Mini Truck
101912,501912,Mumbai,Hyderabad,2025-07-05,,Cancelled,9523,107,1901,14835,1062,Container
101913,501913,Bangalore,Ahmedabad,2025-05-18,2025-05-28,Delayed,494,13,1648,5059,1023,Van
101914,501914,Pune,Mumbai,2025-04-05,2025-04-14,Delivered,11227,109,1078,7419,1082,Container
101915,501915,Delhi,Delhi,2025-01-16,2025-01-26,Delivered,6816,71,1672,10718,1072,Mini Truck
101916,501916,Mumbai,Mumbai,2025-06-27,2025-07-03,Delivered,8357,61,105,420,1018,Container
101917,501917,Bangalore,Pune,2026-03-12,2026-03-14,Delivered,1586,26,269,1454,1030,Container
101918,501918,Bangalore,Bangalore,2026-03-17,2026-03-27,Delivered,12838,98,1630,8846,1060,Van
101919,501919,Pune,Pune,2026-01-13,,Cancelled,5180,70,766,2453,1086,Mini Truck
101920,501920,Chennai,Chennai,2025-09-17,2025-09-22,Delivered,1331,11,178,1369,1033,Van
101921,501921,Pune,Chennai,2025-10-20,2025-10-26,Delivered,5940,99,646,4619,1010,Truck
101922,501922,Mumbai,Bangalore,2025-06-07,,In Transit,8246,62,1219,6649,1098,Container
101923,501923,Pune,Kolkata,2025-03-28,2025-04-04,Delivered,6732,102,894,5502,1083,Mini Truck
101924,501924,Hyderabad,Pune,2025-02-01,2025-02-10,Delivered,8906,73,1604,5507,1010,Container
101925,501925,Bangalore,Delhi,2025-03-04,2025-03-06,Delayed,5412,82,1635,11521,1033,Van
101926,501926,Pune,Bangalore,2025-02-03,2025-02-07,Delivered,4554,46,2283,16126,1035,Mini Truck
101927,501927,Bangalore,Bangalore,2025-11-09,2025-11-11,Delivered,8820,70,333,2430,1057,Container
101928,501928,Chennai,Hyderabad,2026-06-11,,In Transit,8848,112,1790,14210,1036,Van
101929,501929,Bangalore,Chennai,2025-09-25,2025-09-26,Delivered,6710,110,2227,15604,1047,Truck
101930,501930,Hyderabad,Kolkata,2025-08-11,2025-08-20,Delivered,2106,18,113,708,1097,Van
101931,501931,Mumbai,Kolkata,2025-05-07,2025-05-15,Delivered,8211,69,2149,8391,1069,Container
101932,501932,Chennai,Kolkata,2026-03-12,,Cancelled,9648,72,2157,7231,1098,Truck
101933,501933,Bangalore,Chennai,2026-05-08,2026-05-11,Delivered,5376,112,2013,8068,1058,Mini Truck
101934,501934,Bangalore,Ahmedabad,2025-08-27,2025-08-29,Delivered,11960,115,2500,16530,1049,Van
101935,501935,Mumbai,Hyderabad,2025-05-16,,In Transit,13098,111,2330,8726,1058,Mini Truck
101936,501936,Chennai,Bangalore,2025-09-01,2025-09-03,Delivered,2808,24,511,3131,1064,Truck
101937,501937,Hyderabad,Pune,2025-08-04,,Cancelled,2911,71,2158,13842,1072,Mini Truck
101938,501938,Mumbai,Pune,2025-05-05,2025-05-07,Delivered,384,6,808,2800,1001,Truck
101939,501939,Delhi,Lucknow,2026-01-31,2026-02-07,Delivered,722,19,235,1243,1081,Container
101940,501940,Pune,Ahmedabad,2025-05-05,2025-05-07,Delivered,6431,109,1260,5732,1012,Van
101941,501941,Delhi,Bangalore,2025-10-24,,In Transit,10296,88,1049,8065,1076,Truck
101942,501942,Hyderabad,Hyderabad,2026-03-08,2026-03-17,Delayed,5133,87,616,2606,1053,Van
101943,501943,Pune,Mumbai,2025-02-05,2025-02-06,Delivered,3654,63,1705,4295,1036,Van
101944,501944,Pune,Kolkata,2026-01-24,2026-01-26,Delivered,5781,47,130,357,1056,Container
101945,501945,Hyderabad,Hyderabad,2025-04-05,2025-04-12,Delivered,2392,52,1275,8159,1091,Mini Truck
101946,501946,Bangalore,Delhi,2026-04-03,2026-04-05,Delivered,7784,56,2565,19425,1076,Van
101947,501947,Chennai,Jaipur,2025-02-12,2025-02-13,Delivered,6864,52,2350,8390,1054,Mini Truck
101948,501948,Bangalore,Lucknow,2025-05-25,2025-06-04,Delivered,6622,77,2597,8767,1078,Container
101949,501949,Delhi,Lucknow,2025-08-28,2025-09-06,Delivered,8816,76,2180,12233,1061,Container
101950,501950,Chennai,Mumbai,2026-01-08,2026-01-18,Delivered,4779,59,789,3940,1010,Container
101951,501951,Hyderabad,Delhi,2025-08-31,2025-09-02,Delivered,2604,21,1817,12177,1046,Container
101952,501952,Pune,Lucknow,2025-07-11,2025-07-16,Delivered,525,15,2316,15484,1074,Van
101953,501953,Mumbai,Mumbai,2026-04-18,2026-04-27,Delivered,4185,45,532,2753,1038,Truck
101954,501954,Pune,Pune,2026-05-15,2026-05-25,Delivered,1316,28,355,1945,1083,Mini Truck
101955,501955,Bangalore,Mumbai,2026-02-17,,In Transit,3420,60,1140,3870,1078,Container
101956,501956,Bangalore,Lucknow,2025-03-18,2025-03-23,Delivered,6693,97,1550,11686,1014,Van
101957,501957,Pune,Hyderabad,2026-01-17,2026-01-18,Delivered,6030,45,1832,9676,1001,Mini Truck
101958,501958,Mumbai,Chennai,2026-05-24,,In Transit,3515,95,2403,18405,1007,Truck
101959,501959,Pune,Ahmedabad,2025-08-13,,In Transit,10440,120,1451,5823,1007,Container
101960,501960,Mumbai,Bangalore,2025-05-20,2025-05-28,Delivered,1485,27,2110,15946,1079,Van
101961,501961,Pune,Hyderabad,2025-01-06,2025-01-14,Delivered,9869,71,2720,14529,1021,Van
101962,501962,Pune,Jaipur,2025-09-04,2025-09-11,Delivered,1456,14,1645,12474,1099,Van
101963,501963,Delhi,Jaipur,2025-03-09,2025-03-15,Delivered,9424,76,2677,17780,1008,Truck
101964,501964,Delhi,Kolkata,2026-01-16,,Cancelled,7802,83,779,5743,1014,Truck
101965,501965,Bangalore,Pune,2026-03-14,2026-03-15,Delivered,6400,100,1535,11832,1057,Truck
101966,501966,Chennai,Pune,2025-07-24,2025-08-01,Delivered,1540,14,1812,7658,1002,Truck
101967,501967,Hyderabad,Hyderabad,2025-03-30,,In Transit,8268,78,1329,8522,1090,Van
101968,501968,Mumbai,Pune,2026-06-19,2026-06-29,Delivered,4712,76,2397,17398,1053,Van
101969,501969,Mumbai,Kolkata,2025-09-21,2025-09-29,Delivered,8961,103,523,3713,1012,Mini Truck
101970,501970,Hyderabad,Bangalore,2025-11-15,2025-11-17,Delayed,1248,32,339,1328,1006,Mini Truck
101971,501971,Bangalore,Lucknow,2026-02-17,2026-02-20,Delivered,936,13,1968,7229,1094,Van
101972,501972,Hyderabad,Hyderabad,2026-06-21,2026-06-25,Delayed,4224,48,670,3627,1052,Van
101973,501973,Chennai,Ahmedabad,2025-02-09,2025-02-17,Delayed,3045,29,2459,9109,1092,Van
101974,501974,Bangalore,Lucknow,2026-05-31,2026-06-05,Delivered,3699,27,1352,5074,1081,Van
101975,501975,Hyderabad,Pune,2025-02-18,2025-02-19,Delivered,4340,62,1869,11916,1051,Van
101976,501976,Hyderabad,Kolkata,2025-12-10,2025-12-16,Delivered,3355,55,703,3940,1094,Truck
101977,501977,Chennai,Delhi,2025-12-08,,In Transit,1840,46,488,2544,1090,Van
101978,501978,Pune,Delhi,2025-04-15,,In Transit,799,17,391,1972,1065,Container
101979,501979,Delhi,Kolkata,2025-01-20,2025-01-25,Delivered,11590,95,1873,8690,1088,Mini Truck
101980,501980,Mumbai,Delhi,2026-02-20,2026-02-26,Delivered,4726,34,1340,10129,1035,Truck
101981,501981,Pune,Pune,2025-01-01,,In Transit,5220,90,603,2959,1041,Van
101982,501982,Delhi,Delhi,2025-06-11,,In Transit,4590,102,257,1094,1044,Mini Truck
101983,501983,Pune,Pune,2025-12-22,,Cancelled,5984,88,2459,12100,1080,Van
101984,501984,Delhi,Jaipur,2025-10-17,2025-10-25,Delivered,2125,17,1864,6620,1017,Container
101985,501985,Chennai,Lucknow,2025-02-20,,In Transit,11495,95,2466,11131,1004,Mini Truck
101986,501986,Pune,Mumbai,2025-02-19,2025-02-26,Delivered,2542,41,2597,20345,1099,Truck
101987,501987,Mumbai,Kolkata,2025-05-02,2025-05-08,Delivered,1302,21,178,864,1065,Van
101988,501988,Delhi,Mumbai,2025-11-04,2025-11-06,Delivered,2574,33,2728,20031,1079,Mini Truck
101989,501989,Chennai,Chennai,2025-12-21,2025-12-25,Delayed,4056,52,2372,7841,1047,Container
101990,501990,Delhi,Delhi,2025-03-02,2025-03-10,Delivered,2772,77,2415,14593,1051,Container
101991,501991,Chennai,Delhi,2025-03-17,2025-03-25,Delivered,2640,66,1126,7634,1031,Container
101992,501992,Chennai,Hyderabad,2025-05-09,2025-05-13,Delivered,9523,89,843,6040,1040,Van
101993,501993,Mumbai,Delhi,2025-01-03,2025-01-11,Delivered,4081,53,693,2983,1028,Mini Truck
101994,501994,Pune,Chennai,2025-01-12,2025-01-16,Delivered,3551,53,1332,4282,1051,Mini Truck
101995,501995,Bangalore,Mumbai,2026-04-16,2026-04-19,Delivered,9085,79,300,1058,1074,Mini Truck
101996,501996,Mumbai,Bangalore,2025-11-12,2025-11-14,Delivered,1677,13,112,765,1074,Truck
101997,501997,Pune,Ahmedabad,2025-02-17,2025-02-18,Delivered,9116,86,2265,17042,1066,Van
101998,501998,Mumbai,Delhi,2025-06-05,,In Transit,1596,19,412,1919,1029,Mini Truck
101999,501999,Chennai,Delhi,2025-10-16,,In Transit,3619,47,1919,12758,1073,Container
102000,502000,Bangalore,Kolkata,2025-07-10,2025-07-20,Delivered,13167,99,2481,11981,1022,Container
102001,502001,Delhi,Bangalore,2025-09-04,2025-09-07,Delivered,13161,107,84,275,1048,Van
102002,502002,Chennai,Pune,2025-03-21,2025-03-29,Delivered,14514,118,151,872,1001,Container
102003,502003,Delhi,Mumbai,2025-12-19,,In Transit,1155,33,2305,8056,1056,Mini Truck
102004,502004,Delhi,Kolkata,2025-06-25,2025-07-04,Delivered,10605,105,559,3158,1063,Truck
102005,502005,Pune,Chennai,2025-04-07,2025-04-09,Delivered,4278,69,1838,10008,1043,Truck
102006,502006,Pune,Kolkata,2025-11-17,2025-11-25,Delivered,5208,93,1976,12590,1013,Container
102007,502007,Chennai,Lucknow,2025-02-15,2025-02-21,Delivered,3605,35,2010,13488,1090,Mini Truck
102008,502008,Delhi,Lucknow,2026-01-20,2026-01-23,Delivered,6720,70,2433,18115,1066,Van
102009,502009,Bangalore,Hyderabad,2025-02-24,2025-03-05,Delivered,2794,22,738,4905,1021,Truck
102010,502010,Delhi,Pune,2025-08-07,2025-08-16,Delivered,1344,21,2611,8470,1020,Truck
102011,502011,Bangalore,Mumbai,2025-10-12,2025-10-17,Delivered,11264,88,915,2950,1096,Truck
102012,502012,Delhi,Ahmedabad,2026-01-04,2026-01-08,Delivered,11374,94,91,290,1081,Truck
102013,502013,Mumbai,Delhi,2025-08-01,,Cancelled,2520,40,661,4751,1017,Container
102014,502014,Hyderabad,Chennai,2025-05-11,2025-05-13,Delivered,4536,36,1577,5624,1100,Mini Truck
102015,502015,Chennai,Mumbai,2026-03-04,2026-03-05,Delivered,4845,57,1088,3899,1088,Truck
102016,502016,Bangalore,Kolkata,2025-08-25,,In Transit,5673,61,1921,8562,1075,Truck
102017,502017,Chennai,Lucknow,2025-08-18,2025-08-20,Delivered,10856,92,143,484,1077,Truck
102018,502018,Hyderabad,Mumbai,2026-04-26,2026-05-06,Delivered,1090,10,701,4640,1068,Mini Truck
102019,502019,Delhi,Delhi,2025-09-27,2025-10-06,Delivered,4730,110,1180,6974,1051,Mini Truck
102020,502020,Mumbai,Kolkata,2025-03-25,2025-03-29,Delayed,1940,20,1769,4558,1008,Van
102021,502021,Hyderabad,Lucknow,2026-01-13,,Cancelled,5394,58,1660,12860,1006,Container
102022,502022,Mumbai,Ahmedabad,2025-06-06,2025-06-15,Delivered,8667,107,1662,7461,1039,Van
102023,502023,Bangalore,Hyderabad,2025-02-07,2025-02-14,Delivered,6710,55,854,3573,1099,Mini Truck
102024,502024,Pune,Bangalore,2026-03-03,2026-03-08,Delivered,7221,87,2526,8638,1025,Mini Truck
102025,502025,Mumbai,Ahmedabad,2025-05-18,2025-05-20,Delivered,848,16,1260,4922,1053,Mini Truck
102026,502026,Pune,Chennai,2025-11-25,2025-11-28,Delivered,1700,17,2158,12946,1006,Container
102027,502027,Chennai,Kolkata,2025-04-11,2025-04-18,Delayed,1495,23,2669,17305,1092,Truck
102028,502028,Pune,Kolkata,2026-01-25,2026-01-29,Delivered,10488,76,1437,5484,1018,Van
102029,502029,Hyderabad,Pune,2026-01-10,2026-01-16,Delivered,4599,73,1016,3911,1026,Truck
102030,502030,Pune,Bangalore,2025-03-21,2025-03-27,Delivered,11526,113,2788,14629,1004,Van
102031,502031,Pune,Hyderabad,2026-01-14,,In Transit,12792,104,1649,9235,1035,Container
102032,502032,Bangalore,Jaipur,2026-02-16,2026-02-21,Delivered,7469,97,2653,20450,1047,Mini Truck
102033,502033,Hyderabad,Chennai,2026-04-29,,Cancelled,3276,39,1659,12644,1077,Container
102034,502034,Delhi,Ahmedabad,2025-08-02,,In Transit,1197,21,373,1636,1048,Truck
102035,502035,Chennai,Delhi,2025-12-07,,In Transit,8400,84,1304,3887,1044,Mini Truck
102036,502036,Hyderabad,Kolkata,2025-05-27,2025-06-02,Delivered,6630,78,1611,6704,1058,Mini Truck
102037,502037,Delhi,Bangalore,2025-01-14,2025-01-19,Delivered,1804,22,1031,6983,1076,Truck
102038,502038,Bangalore,Pune,2026-01-30,2026-02-04,Delivered,748,11,2784,16922,1075,Mini Truck
102039,502039,Mumbai,Pune,2026-03-02,2026-03-07,Delayed,7696,104,1347,4949,1008,Container
102040,502040,Chennai,Ahmedabad,2025-08-14,2025-08-22,Delivered,4026,33,477,3563,1004,Truck
102041,502041,Hyderabad,Lucknow,2025-12-31,,In Transit,1035,23,542,2453,1071,Container
102042,502042,Delhi,Lucknow,2025-10-15,2025-10-19,Delivered,3570,51,2744,18014,1023,Container
102043,502043,Chennai,Jaipur,2025-09-23,2025-10-01,Delivered,1078,11,510,1819,1021,Truck
102044,502044,Pune,Lucknow,2026-02-25,2026-02-28,Delayed,3102,33,1871,9338,1074,Container
102045,502045,Hyderabad,Chennai,2026-02-21,2026-03-01,Delivered,350,5,506,3800,1083,Truck
102046,502046,Pune,Chennai,2025-06-06,2025-06-15,Delayed,1066,13,150,643,1067,Truck
102047,502047,Delhi,Delhi,2025-06-05,2025-06-08,Delivered,4214,98,574,2411,1041,Container
102048,502048,Pune,Bangalore,2025-05-03,2025-05-13,Delivered,4644,43,978,6168,1016,Mini Truck
102049,502049,Hyderabad,Lucknow,2025-03-30,2025-04-02,Delivered,450,9,862,3094,1080,Van
102050,502050,Bangalore,Pune,2026-06-15,2026-06-18,Delayed,10767,97,159,961,1074,Container
102051,502051,Mumbai,Chennai,2025-05-11,2025-05-21,Delivered,6100,50,2750,10099,1031,Mini Truck
102052,502052,Mumbai,Pune,2026-03-30,2026-04-09,Delivered,3248,29,2188,12785,1001,Van
102053,502053,Bangalore,Jaipur,2025-08-16,2025-08-20,Delayed,1869,21,978,4740,1065,Van
102054,502054,Delhi,Jaipur,2026-02-11,2026-02-12,Delivered,3000,75,1930,10254,1050,Container
102055,502055,Delhi,Lucknow,2025-06-12,,In Transit,1170,30,1611,4901,1063,Truck
102056,502056,Mumbai,Ahmedabad,2025-04-13,2025-04-22,Delivered,3993,33,2336,13037,1024,Truck
102057,502057,Hyderabad,Ahmedabad,2025-09-26,2025-10-01,Delivered,9984,104,1698,6115,1057,Van
102058,502058,Mumbai,Pune,2025-08-03,,Cancelled,1696,32,675,5222,1092,Truck
102059,502059,Pune,Mumbai,2025-10-27,2025-10-30,Delivered,5880,49,2344,16922,1073,Mini Truck
102060,502060,Pune,Pune,2025-07-02,2025-07-08,Delayed,4648,56,284,995,1080,Van
102061,502061,Mumbai,Chennai,2025-02-20,,In Transit,4896,36,2652,17161,1032,Truck
102062,502062,Pune,Mumbai,2025-02-26,2025-03-06,Delivered,5600,40,478,1816,1063,Van
102063,502063,Mumbai,Lucknow,2025-11-09,2025-11-18,Delayed,1656,46,658,4860,1010,Mini Truck
102064,502064,Hyderabad,Pune,2026-02-15,2026-02-24,Delivered,12495,105,1224,5748,1074,Container
102065,502065,Pune,Chennai,2026-01-31,2026-02-05,Delivered,4240,106,2000,8976,1033,Truck
102066,502066,Mumbai,Mumbai,2026-01-13,2026-01-18,Delivered,1498,14,367,2464,1087,Van
102067,502067,Bangalore,Ahmedabad,2025-10-06,2025-10-08,Delivered,8580,78,1589,12578,1076,Van
102068,502068,Hyderabad,Lucknow,2026-05-24,2026-05-27,Delivered,1644,12,2004,5015,1018,Truck
102069,502069,Bangalore,Pune,2026-03-22,,Cancelled,3960,90,111,657,1084,Container
102070,502070,Delhi,Pune,2025-04-02,2025-04-04,Delivered,1980,30,2391,15865,1056,Container
102071,502071,Hyderabad,Lucknow,2026-04-10,2026-04-20,Delivered,4402,71,1993,5795,1055,Container
102072,502072,Hyderabad,Bangalore,2025-03-23,2025-03-26,Delayed,2478,21,1843,8554,1098,Truck
102073,502073,Hyderabad,Chennai,2026-05-02,2026-05-09,Delivered,5800,50,1021,7808,1081,Van
102074,502074,Mumbai,Mumbai,2025-04-04,2025-04-11,Delivered,2773,47,1314,3508,1066,Van
102075,502075,Mumbai,Bangalore,2025-05-08,2025-05-11,Delivered,860,20,2450,10867,1004,Van
102076,502076,Hyderabad,Ahmedabad,2025-10-06,,Cancelled,7161,77,2671,18423,1037,Container
102077,502077,Delhi,Delhi,2025-01-02,2025-01-11,Delivered,4736,64,1670,7014,1086,Container
102078,502078,Hyderabad,Ahmedabad,2025-11-01,2025-11-11,Delivered,2852,62,1317,6333,1026,Container
102079,502079,Bangalore,Ahmedabad,2025-02-04,2025-02-10,Delivered,783,9,144,553,1041,Mini Truck
102080,502080,Hyderabad,Bangalore,2025-02-08,2025-02-15,Delivered,3471,39,2364,13925,1060,Container
102081,502081,Delhi,Mumbai,2026-01-02,2026-01-09,Delivered,2013,33,1365,3784,1048,Container
102082,502082,Pune,Delhi,2025-07-03,2025-07-05,Delivered,1375,25,2216,11179,1087,Mini Truck
102083,502083,Hyderabad,Hyderabad,2025-08-29,,Cancelled,12882,114,1336,5470,1068,Van
102084,502084,Chennai,Ahmedabad,2025-12-24,,In Transit,5130,57,2742,10595,1043,Van
102085,502085,Bangalore,Bangalore,2025-11-11,2025-11-13,Delivered,11978,106,1300,4117,1073,Mini Truck
102086,502086,Chennai,Bangalore,2025-09-22,2025-09-30,Delivered,4428,41,977,7176,1053,Van
102087,502087,Delhi,Lucknow,2025-06-25,2025-06-26,Delivered,7920,80,1394,6706,1078,Container
102088,502088,Pune,Bangalore,2026-06-19,2026-06-24,Delivered,935,17,1070,3284,1002,Container
102089,502089,Mumbai,Delhi,2025-06-27,2025-07-05,Delivered,9792,102,227,975,1067,Van
102090,502090,Mumbai,Hyderabad,2026-02-27,2026-03-07,Delivered,5457,107,2448,17687,1017,Truck
102091,502091,Mumbai,Delhi,2025-02-13,2025-02-23,Delivered,4980,60,1296,9861,1019,Mini Truck
102092,502092,Chennai,Delhi,2025-01-29,2025-02-04,Delivered,2412,18,608,1903,1094,Container
102093,502093,Bangalore,Ahmedabad,2025-12-31,2026-01-10,Delivered,4235,55,829,4727,1081,Container
102094,502094,Delhi,Lucknow,2026-03-17,,Cancelled,1695,15,2399,8879,1009,Van
102095,502095,Pune,Chennai,2025-11-02,2025-11-08,Delivered,3465,55,1638,4857,1029,Van
102096,502096,Delhi,Bangalore,2025-10-31,,In Transit,1595,29,1718,13108,1095,Mini Truck
102097,502097,Delhi,Bangalore,2025-07-19,2025-07-24,Delivered,2436,28,1135,4135,1014,Truck
102098,502098,Bangalore,Bangalore,2026-04-07,2026-04-14,Delivered,5865,69,2745,18660,1070,Truck
102099,502099,Delhi,Lucknow,2025-11-18,2025-11-21,Delivered,6391,77,1199,7964,1007,Mini Truck
102100,502100,Pune,Mumbai,2026-05-14,2026-05-19,Delivered,884,13,1957,6919,1005,Van
102101,502101,Mumbai,Chennai,2025-03-01,2025-03-10,Delivered,4346,106,1551,5271,1072,Van
102102,502102,Hyderabad,Ahmedabad,2025-12-13,2025-12-19,Delivered,5880,98,703,2534,1067,Mini Truck
102103,502103,Chennai,Bangalore,2025-01-10,2025-01-13,Delivered,5076,47,1693,13464,1028,Mini Truck
102104,502104,Delhi,Bangalore,2025-01-23,2025-01-28,Delivered,5187,57,1968,5653,1089,Truck
102105,502105,Pune,Ahmedabad,2026-04-13,2026-04-14,Delivered,3233,61,1798,12167,1079,Van
102106,502106,Bangalore,Bangalore,2025-02-28,2025-03-06,Delivered,1395,31,279,2142,1023,Mini Truck
102107,502107,Pune,Kolkata,2025-09-22,2025-09-25,Delayed,2170,35,168,670,1017,Truck
102108,502108,Mumbai,Lucknow,2025-10-31,2025-11-10,Delivered,4968,108,117,584,1021,Mini Truck
102109,502109,Pune,Pune,2025-10-27,2025-11-02,Delivered,1668,12,1849,13558,1053,Van
102110,502110,Pune,Lucknow,2026-04-19,2026-04-21,Delayed,12987,111,2000,11996,1064,Van
102111,502111,Bangalore,Ahmedabad,2025-04-19,2025-04-29,Delivered,7820,115,799,2217,1047,Mini Truck
102112,502112,Chennai,Jaipur,2025-06-07,2025-06-15,Delayed,6630,85,657,3470,1009,Mini Truck
102113,502113,Mumbai,Chennai,2025-02-11,2025-02-21,Delayed,8820,105,1455,6792,1069,Van
102114,502114,Pune,Hyderabad,2026-06-04,2026-06-07,Delayed,2376,36,2038,12125,1058,Truck
102115,502115,Mumbai,Mumbai,2025-05-14,2025-05-15,Delivered,1860,20,2224,17376,1006,Mini Truck
102116,502116,Pune,Chennai,2026-03-02,2026-03-12,Delayed,484,11,2792,13957,1007,Container
102117,502117,Bangalore,Delhi,2025-08-19,2025-08-25,Delivered,2052,18,2457,14483,1089,Van
102118,502118,Mumbai,Kolkata,2025-11-22,2025-11-24,Delayed,3876,68,467,1618,1064,Container
102119,502119,Pune,Hyderabad,2025-09-13,2025-09-21,Delivered,1036,28,719,3223,1038,Mini Truck
102120,502120,Mumbai,Mumbai,2026-01-20,2026-01-26,Delivered,10120,92,1117,8193,1049,Mini Truck
102121,502121,Mumbai,Delhi,2025-07-20,2025-07-25,Delivered,3822,42,1287,9426,1003,Van
102122,502122,Chennai,Lucknow,2026-05-27,2026-06-06,Delivered,3243,47,98,495,1022,Truck
102123,502123,Bangalore,Kolkata,2026-01-22,2026-01-28,Delayed,1862,14,2557,18697,1025,Container
102124,502124,Hyderabad,Hyderabad,2025-07-06,2025-07-10,Delivered,3225,25,2498,10593,1030,Van
102125,502125,Mumbai,Jaipur,2026-05-25,2026-05-28,Delivered,2675,25,1519,5080,1054,Truck
102126,502126,Hyderabad,Chennai,2025-03-27,2025-04-06,Delivered,2596,22,163,738,1093,Mini Truck
102127,502127,Mumbai,Kolkata,2025-10-20,2025-10-26,Delivered,7130,115,1731,4727,1076,Van
102128,502128,Bangalore,Kolkata,2026-02-16,2026-02-20,Delivered,8128,64,2787,19419,1083,Container
102129,502129,Mumbai,Kolkata,2025-10-31,2025-11-03,Delivered,830,10,1817,5301,1085,Van
102130,502130,Chennai,Lucknow,2025-01-28,2025-02-06,Delivered,2832,48,447,1620,1014,Mini Truck
102131,502131,Pune,Lucknow,2025-02-11,2025-02-21,Delivered,9125,73,969,6982,1009,Truck
102132,502132,Mumbai,Pune,2025-04-07,,In Transit,2214,27,362,2396,1066,Truck
102133,502133,Pune,Chennai,2025-06-07,,In Transit,7622,74,1758,9224,1052,Van
102134,502134,Delhi,Mumbai,2025-04-23,2025-04-28,Delivered,3192,76,2250,10444,1040,Mini Truck
102135,502135,Pune,Delhi,2025-02-13,2025-02-16,Delayed,7546,77,2108,10397,1068,Container
102136,502136,Mumbai,Chennai,2026-06-18,2026-06-25,Delivered,6106,86,1695,13054,1052,Van
102137,502137,Pune,Mumbai,2026-03-22,2026-03-26,Delayed,2436,42,2747,8556,1019,Container
102138,502138,Mumbai,Pune,2025-03-18,2025-03-19,Delivered,1760,44,311,1263,1079,Van
102139,502139,Chennai,Bangalore,2025-04-26,2025-05-04,Delivered,9310,70,2377,17210,1015,Truck
102140,502140,Hyderabad,Kolkata,2026-04-03,2026-04-10,Delivered,8880,80,2546,20042,1036,Truck
102141,502141,Pune,Pune,2026-06-11,2026-06-13,Delivered,3663,99,2300,6471,1056,Container
102142,502142,Hyderabad,Delhi,2025-06-22,2025-06-23,Delivered,300,5,1474,9749,1070,Van
102143,502143,Mumbai,Lucknow,2026-02-10,2026-02-12,Delivered,575,5,1367,3766,1023,Van
102144,502144,Mumbai,Lucknow,2025-08-29,2025-08-30,Delivered,6150,50,2315,7848,1054,Mini Truck
102145,502145,Pune,Kolkata,2025-03-05,2025-03-12,Delivered,4015,73,1820,12784,1097,Container
102146,502146,Mumbai,Bangalore,2025-07-01,,In Transit,11682,118,897,5249,1050,Mini Truck
102147,502147,Mumbai,Jaipur,2026-02-22,,In Transit,1170,15,2121,12710,1081,Container
102148,502148,Mumbai,Ahmedabad,2026-04-11,2026-04-18,Delivered,10050,75,1298,4020,1010,Mini Truck
102149,502149,Mumbai,Lucknow,2025-06-10,2025-06-14,Delivered,5184,96,2543,7744,1070,Mini Truck
102150,502150,Bangalore,Pune,2026-04-18,2026-04-20,Delayed,5472,72,2003,12809,1098,Truck
102151,502151,Hyderabad,Jaipur,2026-05-20,2026-05-21,Delivered,7493,59,2626,11912,1075,Mini Truck
102152,502152,Delhi,Lucknow,2026-06-20,2026-06-25,Delivered,4104,36,357,1142,1078,Container
102153,502153,Hyderabad,Mumbai,2026-04-17,,In Transit,7440,93,503,3940,1054,Mini Truck
102154,502154,Chennai,Hyderabad,2025-12-25,2025-12-28,Delivered,12474,99,118,828,1020,Container
102155,502155,Hyderabad,Chennai,2026-02-13,2026-02-16,Delivered,8964,83,1499,10585,1018,Van
102156,502156,Hyderabad,Bangalore,2025-11-12,2025-11-22,Delivered,6006,77,715,3070,1078,Van
102157,502157,Pune,Ahmedabad,2025-01-10,2025-01-15,Delayed,12862,118,609,4408,1003,Container
102158,502158,Bangalore,Jaipur,2025-05-27,2025-06-03,Delayed,4307,59,2467,7021,1057,Container
102159,502159,Hyderabad,Delhi,2025-01-04,2025-01-14,Delivered,7686,63,1307,8153,1033,Van
102160,502160,Pune,Kolkata,2025-10-19,2025-10-21,Delivered,9590,70,842,4921,1065,Van
102161,502161,Delhi,Ahmedabad,2026-04-19,2026-04-27,Delivered,5538,71,2630,9558,1094,Truck
102162,502162,Hyderabad,Hyderabad,2025-01-29,2025-02-04,Delivered,336,6,2527,15530,1066,Container
102163,502163,Delhi,Chennai,2025-06-25,2025-06-26,Delivered,1300,25,1682,13096,1006,Container
102164,502164,Hyderabad,Hyderabad,2025-03-04,2025-03-13,Delivered,2781,27,1158,8203,1046,Truck
102165,502165,Mumbai,Delhi,2025-07-14,,In Transit,8239,107,218,1123,1086,Mini Truck
102166,502166,Chennai,Kolkata,2026-05-01,2026-05-03,Delivered,6600,75,1473,11656,1031,Truck
102167,502167,Mumbai,Jaipur,2026-01-15,,In Transit,682,11,52,143,1045,Container
102168,502168,Pune,Ahmedabad,2025-04-15,2025-04-25,Delivered,3050,50,2692,6985,1046,Container
102169,502169,Bangalore,Mumbai,2025-09-25,2025-09-29,Delayed,11440,110,1845,11360,1038,Container
102170,502170,Hyderabad,Kolkata,2025-02-23,2025-03-03,Delivered,11446,97,129,406,1061,Mini Truck
102171,502171,Hyderabad,Delhi,2025-02-01,2025-02-05,Delivered,7257,59,1575,5001,1030,Van
102172,502172,Bangalore,Hyderabad,2025-09-16,2025-09-26,Delivered,960,10,1661,6657,1044,Container
102173,502173,Chennai,Ahmedabad,2026-01-19,2026-01-20,Delivered,7155,53,630,4271,1015,Van
102174,502174,Bangalore,Kolkata,2026-03-23,,In Transit,1958,22,1341,9017,1024,Mini Truck
102175,502175,Delhi,Kolkata,2025-01-09,2025-01-13,Delivered,10234,86,2702,11137,1004,Van
102176,502176,Hyderabad,Hyderabad,2026-05-07,,In Transit,3053,43,2266,14198,1042,Van
102177,502177,Chennai,Bangalore,2026-03-24,2026-03-26,Delivered,11639,113,999,3734,1001,Container
102178,502178,Delhi,Pune,2025-10-22,2025-10-28,Delivered,1792,32,466,2962,1077,Truck
102179,502179,Delhi,Bangalore,2026-02-08,2026-02-11,Delivered,2016,16,328,2225,1031,Mini Truck
102180,502180,Pune,Jaipur,2026-05-22,2026-05-27,Delivered,7592,73,2681,17488,1080,Van
102181,502181,Chennai,Chennai,2025-11-25,2025-11-28,Delivered,3360,28,2443,10209,1088,Van
102182,502182,Mumbai,Chennai,2025-04-14,2025-04-23,Delivered,3772,46,2053,12076,1058,Truck
102183,502183,Delhi,Chennai,2025-02-23,2025-02-24,Delivered,5661,51,1313,3952,1058,Container
102184,502184,Bangalore,Hyderabad,2026-04-28,2026-05-04,Delivered,6880,86,929,6268,1039,Container
102185,502185,Chennai,Hyderabad,2025-04-25,,In Transit,5650,113,1939,8648,1039,Container
102186,502186,Mumbai,Hyderabad,2025-10-24,,In Transit,3198,82,882,3822,1063,Truck
102187,502187,Mumbai,Bangalore,2025-05-08,2025-05-15,Delivered,1845,15,331,1193,1083,Mini Truck
102188,502188,Hyderabad,Delhi,2026-06-10,2026-06-19,Delivered,16284,118,767,5771,1009,Van
102189,502189,Mumbai,Jaipur,2026-05-02,2026-05-07,Delivered,9900,110,2322,8154,1088,Truck
102190,502190,Bangalore,Pune,2025-05-06,2025-05-11,Delivered,6783,57,1388,5093,1042,Mini Truck
102191,502191,Hyderabad,Lucknow,2025-02-21,2025-03-03,Delivered,9200,115,489,2365,1062,Mini Truck
102192,502192,Bangalore,Hyderabad,2026-01-26,2026-02-03,Delivered,3355,61,1601,9219,1051,Truck
102193,502193,Bangalore,Bangalore,2025-08-03,2025-08-06,Delayed,8640,80,2526,9884,1049,Container
102194,502194,Bangalore,Chennai,2025-02-23,2025-03-05,Delivered,9717,79,168,454,1007,Van
102195,502195,Hyderabad,Bangalore,2025-01-18,2025-01-22,Delivered,6105,111,1444,4366,1011,Container
102196,502196,Pune,Lucknow,2025-10-25,,In Transit,1872,26,2714,12604,1095,Van
102197,502197,Chennai,Kolkata,2026-04-14,2026-04-22,Delivered,2132,26,2348,16509,1063,Van
102198,502198,Pune,Kolkata,2025-12-23,2025-12-26,Delayed,7810,71,505,1405,1019,Truck
102199,502199,Hyderabad,Kolkata,2026-04-19,2026-04-29,Delayed,10235,89,2763,19651,1018,Van
102200,502200,Chennai,Lucknow,2025-07-12,2025-07-20,Delivered,11280,120,385,992,1043,Van
102201,502201,Bangalore,Chennai,2025-04-12,2025-04-16,Delayed,7788,59,2083,15218,1067,Container
102202,502202,Chennai,Mumbai,2025-03-26,2025-03-30,Delivered,5246,86,171,924,1044,Container
102203,502203,Chennai,Mumbai,2025-03-25,2025-04-04,Delivered,3015,67,2256,9053,1044,Truck
102204,502204,Delhi,Kolkata,2025-06-20,,In Transit,6588,61,1966,5423,1041,Mini Truck
102205,502205,Chennai,Ahmedabad,2026-03-10,2026-03-14,Delivered,5060,110,1580,9407,1085,Van
102206,502206,Pune,Lucknow,2025-01-22,2025-01-30,Delayed,13300,100,98,695,1041,Mini Truck
102207,502207,Mumbai,Ahmedabad,2025-01-21,2025-01-23,Delayed,1300,20,2407,16439,1011,Truck
102208,502208,Mumbai,Lucknow,2025-05-09,,In Transit,3380,65,1309,7925,1041,Van
102209,502209,Delhi,Bangalore,2026-03-13,2026-03-14,Delivered,7068,93,2225,15674,1013,Truck
102210,502210,Delhi,Hyderabad,2025-12-02,2025-12-05,Delivered,5418,43,919,4627,1052,Truck
102211,502211,Bangalore,Lucknow,2026-05-24,2026-05-31,Delivered,990,22,1851,6837,1045,Container
102212,502212,Chennai,Bangalore,2025-08-03,2025-08-13,Delivered,1380,12,79,342,1042,Container
102213,502213,Delhi,Chennai,2025-10-26,2025-10-30,Delivered,1232,16,2715,19641,1049,Mini Truck
102214,502214,Chennai,Jaipur,2025-07-10,2025-07-12,Delivered,1224,17,1605,6184,1087,Truck
102215,502215,Pune,Pune,2026-06-05,,In Transit,3770,65,2041,10231,1021,Container
102216,502216,Pune,Ahmedabad,2026-02-24,2026-02-28,Delivered,4242,42,775,2287,1033,Van
102217,502217,Delhi,Ahmedabad,2025-03-20,2025-03-22,Delivered,6384,84,1941,11627,1027,Van
102218,502218,Chennai,Hyderabad,2026-02-24,,In Transit,500,10,1579,4272,1086,Truck
102219,502219,Mumbai,Jaipur,2025-08-08,2025-08-11,Delivered,4087,67,1769,8530,1066,Truck
102220,502220,Bangalore,Hyderabad,2025-10-05,2025-10-14,Delivered,6464,101,2421,13934,1028,Truck
102221,502221,Chennai,Ahmedabad,2025-02-15,2025-02-22,Delivered,4256,38,2750,16353,1089,Truck
102222,502222,Chennai,Pune,2025-06-27,2025-07-02,Delivered,7719,83,2135,14323,1041,Van
102223,502223,Delhi,Bangalore,2025-12-03,2025-12-11,Delivered,1100,22,2060,10288,1026,Truck
102224,502224,Pune,Ahmedabad,2025-05-03,2025-05-10,Delayed,15008,112,1159,7492,1005,Mini Truck
102225,502225,Bangalore,Bangalore,2026-05-31,2026-06-02,Delayed,4209,69,2071,11423,1057,Van
102226,502226,Chennai,Bangalore,2025-08-28,2025-09-02,Delivered,9384,102,1995,5140,1033,Truck
102227,502227,Mumbai,Delhi,2025-01-13,2025-01-15,Delivered,4900,49,840,5915,1054,Truck
102228,502228,Mumbai,Lucknow,2025-05-11,2025-05-17,Delivered,1520,38,733,5556,1009,Mini Truck
102229,502229,Mumbai,Mumbai,2025-02-05,2025-02-11,Delayed,3224,62,1941,4930,1098,Van
102230,502230,Delhi,Delhi,2025-02-27,2025-03-07,Delivered,11625,93,2473,9883,1073,Mini Truck
102231,502231,Mumbai,Hyderabad,2026-01-16,,Cancelled,4095,35,2306,6719,1080,Container
102232,502232,Pune,Kolkata,2025-11-13,2025-11-16,Delivered,2392,23,1184,9160,1004,Container
102233,502233,Mumbai,Ahmedabad,2025-09-19,,In Transit,4758,78,1716,6020,1048,Truck
102234,502234,Hyderabad,Hyderabad,2025-05-28,2025-05-29,Delivered,4598,38,2694,9905,1054,Truck
102235,502235,Delhi,Lucknow,2025-02-22,2025-02-27,Delivered,4770,53,2203,6709,1049,Mini Truck
102236,502236,Delhi,Jaipur,2025-01-13,2025-01-20,Delivered,3472,62,2723,7647,1020,Truck
102237,502237,Delhi,Kolkata,2025-12-10,2025-12-14,Delayed,6985,55,1746,5666,1074,Van
102238,502238,Mumbai,Ahmedabad,2025-02-01,2025-02-09,Delivered,4875,65,2527,6734,1013,Container
102239,502239,Mumbai,Pune,2025-12-08,,Cancelled,2926,77,100,689,1028,Container
102240,502240,Delhi,Bangalore,2025-02-05,2025-02-08,Delivered,1200,25,433,1568,1049,Truck
102241,502241,Pune,Lucknow,2026-04-29,,In Transit,8624,88,1646,5405,1016,Truck
102242,502242,Bangalore,Chennai,2025-10-14,2025-10-16,Delayed,7276,68,504,1723,1009,Container
102243,502243,Delhi,Jaipur,2025-09-20,2025-09-27,Delivered,1540,11,642,2401,1039,Van
102244,502244,Mumbai,Pune,2026-01-05,2026-01-12,Delivered,468,6,640,2237,1076,Van
102245,502245,Delhi,Pune,2025-01-18,2025-01-23,Delivered,13563,99,1877,13390,1024,Container
102246,502246,Chennai,Delhi,2025-08-02,2025-08-09,Delivered,6960,87,2612,11066,1029,Mini Truck
102247,502247,Hyderabad,Ahmedabad,2025-03-22,2025-04-01,Delivered,13843,109,1279,7117,1087,Mini Truck
102248,502248,Bangalore,Chennai,2026-01-03,2026-01-09,Delivered,741,19,1615,5204,1014,Truck
102249,502249,Bangalore,Lucknow,2025-04-04,2025-04-11,Delivered,9694,74,1707,10868,1094,Container
102250,502250,Bangalore,Jaipur,2026-03-15,2026-03-24,Delayed,4641,91,1775,6525,1049,Truck
102251,502251,Delhi,Lucknow,2026-06-23,2026-07-01,Delivered,3800,38,146,966,1057,Truck
102252,502252,Chennai,Mumbai,2025-02-03,2025-02-13,Delivered,5763,113,2373,7051,1039,Truck
102253,502253,Delhi,Ahmedabad,2025-07-26,2025-07-29,Delivered,14985,111,858,3683,1030,Van
102254,502254,Chennai,Hyderabad,2026-06-07,2026-06-15,Delivered,550,10,2115,6651,1074,Container
102255,502255,Bangalore,Hyderabad,2026-03-19,2026-03-20,Delivered,1456,26,320,1150,1094,Container
102256,502256,Pune,Pune,2025-01-15,2025-01-21,Delivered,660,5,902,3335,1008,Truck
102257,502257,Delhi,Lucknow,2026-06-16,2026-06-21,Delivered,9300,100,1701,6491,1015,Truck
102258,502258,Delhi,Lucknow,2026-06-18,2026-06-28,Delivered,1072,16,546,1722,1001,Truck
102259,502259,Chennai,Mumbai,2026-01-29,2026-02-01,Delivered,5720,110,1012,6345,1026,Container
102260,502260,Pune,Kolkata,2026-04-16,2026-04-26,Delayed,360,10,1640,8986,1094,Van
102261,502261,Bangalore,Lucknow,2025-03-26,,In Transit,10235,115,2293,11786,1034,Container
102262,502262,Mumbai,Delhi,2025-02-21,2025-03-03,Delivered,10900,109,2464,9918,1029,Mini Truck
102263,502263,Hyderabad,Mumbai,2025-04-10,2025-04-14,Delayed,2914,62,387,2081,1011,Van
102264,502264,Delhi,Kolkata,2026-01-14,2026-01-20,Delivered,9108,69,629,3555,1040,Mini Truck
102265,502265,Delhi,Bangalore,2025-09-24,2025-09-25,Delayed,793,13,1536,6576,1031,Van
102266,502266,Hyderabad,Ahmedabad,2025-01-31,2025-02-07,Delivered,8658,78,2537,9836,1075,Van
102267,502267,Hyderabad,Ahmedabad,2026-03-29,2026-03-30,Delivered,1785,17,289,941,1083,Truck
102268,502268,Mumbai,Lucknow,2025-04-04,2025-04-07,Delivered,1386,22,2723,14495,1077,Van
102269,502269,Delhi,Pune,2026-02-05,2026-02-14,Delivered,2107,49,2101,10994,1089,Van
102270,502270,Mumbai,Jaipur,2025-08-21,2025-08-27,Delayed,7482,86,839,3535,1029,Van
102271,502271,Hyderabad,Delhi,2025-01-09,2025-01-12,Delivered,11172,84,437,2438,1018,Van
102272,502272,Delhi,Lucknow,2025-04-29,2025-05-01,Delivered,11475,85,773,4617,1042,Van
102273,502273,Chennai,Delhi,2025-10-21,2025-10-28,Delivered,798,19,179,904,1023,Mini Truck
102274,502274,Delhi,Hyderabad,2026-03-13,2026-03-14,Delivered,1590,15,573,2196,1019,Container
102275,502275,Delhi,Delhi,2025-04-02,2025-04-05,Delayed,3210,30,570,3729,1081,Container
102276,502276,Delhi,Chennai,2025-04-02,2025-04-07,Delivered,2628,73,1582,8285,1055,Container
102277,502277,Bangalore,Bangalore,2025-09-22,2025-09-23,Delivered,13806,117,1301,4524,1019,Container
102278,502278,Hyderabad,Bangalore,2025-11-04,2025-11-05,Delivered,828,18,2597,11247,1001,Van
102279,502279,Hyderabad,Bangalore,2025-11-13,2025-11-16,Delivered,3002,38,1012,5637,1054,Truck
102280,502280,Hyderabad,Ahmedabad,2025-06-23,2025-06-29,Delivered,13130,101,465,2900,1059,Mini Truck
102281,502281,Hyderabad,Jaipur,2025-01-04,2025-01-11,Delivered,7505,95,1636,12475,1052,Mini Truck
102282,502282,Mumbai,Hyderabad,2025-03-20,,Cancelled,7308,84,1860,13369,1057,Van
102283,502283,Chennai,Hyderabad,2026-04-30,2026-05-02,Delivered,9701,89,703,1989,1027,Van
102284,502284,Delhi,Delhi,2026-02-27,,Cancelled,1314,18,2140,11242,1062,Van
102285,502285,Mumbai,Pune,2025-08-29,2025-09-03,Delivered,7992,108,908,2537,1093,Container
102286,502286,Pune,Ahmedabad,2025-06-06,,In Transit,1872,24,405,2773,1056,Van
102287,502287,Chennai,Chennai,2025-06-17,2025-06-27,Delivered,3885,105,754,5907,1085,Van
102288,502288,Bangalore,Mumbai,2025-05-07,2025-05-17,Delivered,7072,68,851,4703,1068,Mini Truck
102289,502289,Hyderabad,Bangalore,2025-01-03,,In Transit,4366,59,1006,3761,1087,Van
102290,502290,Chennai,Lucknow,2025-07-03,2025-07-12,Delayed,7810,71,1185,8185,1069,Truck
102291,502291,Hyderabad,Ahmedabad,2025-09-23,,In Transit,329,7,1472,10290,1006,Mini Truck
102292,502292,Delhi,Pune,2026-01-15,2026-01-20,Delivered,990,15,813,5892,1016,Container
102293,502293,Delhi,Hyderabad,2026-06-25,2026-06-29,Delivered,3196,68,632,4060,1083,Container
102294,502294,Delhi,Delhi,2025-07-27,2025-07-31,Delivered,1656,18,2485,13739,1076,Truck
102295,502295,Delhi,Mumbai,2025-10-10,2025-10-11,Delivered,2945,31,1269,8848,1031,Truck
102296,502296,Pune,Jaipur,2025-04-12,2025-04-20,Delivered,10812,102,2721,13012,1100,Truck
102297,502297,Pune,Ahmedabad,2025-06-09,2025-06-15,Delayed,12052,92,2576,20475,1093,Van
102298,502298,Delhi,Kolkata,2025-10-19,,In Transit,12040,86,1961,10552,1047,Truck
102299,502299,Pune,Mumbai,2025-03-20,2025-03-28,Delivered,3744,48,965,5226,1091,Truck
102300,502300,Delhi,Jaipur,2025-06-20,2025-06-28,Delivered,6745,71,64,208,1060,Truck
102301,502301,Pune,Bangalore,2026-04-25,2026-05-02,Delivered,684,18,1797,9953,1066,Truck
102302,502302,Chennai,Jaipur,2025-06-08,2025-06-12,Delivered,12012,91,2490,14278,1050,Van
102303,502303,Hyderabad,Jaipur,2025-05-04,2025-05-12,Delivered,1920,48,978,4851,1054,Truck
102304,502304,Delhi,Pune,2025-10-21,2025-10-30,Delivered,4794,51,1491,10838,1065,Truck
102305,502305,Delhi,Pune,2025-09-21,2025-09-26,Delivered,1798,29,602,4406,1024,Mini Truck
102306,502306,Delhi,Ahmedabad,2025-02-08,2025-02-15,Delayed,10824,82,2789,12838,1046,Container
102307,502307,Bangalore,Ahmedabad,2026-04-29,2026-05-07,Delivered,3956,92,1510,7403,1089,Truck
102308,502308,Mumbai,Kolkata,2026-01-09,2026-01-12,Delivered,672,16,1368,8956,1053,Van
102309,502309,Mumbai,Ahmedabad,2025-03-16,2025-03-17,Delivered,2592,32,859,2366,1084,Van
102310,502310,Mumbai,Hyderabad,2025-08-05,2025-08-07,Delivered,5292,84,2254,12799,1037,Van
102311,502311,Chennai,Mumbai,2025-08-14,2025-08-19,Delivered,1998,18,1791,12450,1010,Truck
102312,502312,Bangalore,Bangalore,2025-02-17,2025-02-23,Delivered,1330,14,1594,10294,1098,Container
102313,502313,Pune,Hyderabad,2026-02-18,2026-02-22,Delivered,3842,34,2785,20173,1030,Van
102314,502314,Chennai,Mumbai,2025-04-06,2025-04-07,Delivered,14388,109,535,2150,1064,Container
102315,502315,Bangalore,Pune,2026-05-18,2026-05-28,Delivered,5250,105,1788,7617,1032,Van
102316,502316,Bangalore,Mumbai,2025-05-21,2025-05-23,Delivered,11760,120,1889,8146,1013,Mini Truck
102317,502317,Mumbai,Kolkata,2026-01-17,2026-01-25,Delayed,5382,69,453,2035,1020,Container
102318,502318,Pune,Delhi,2026-04-18,2026-04-25,Delivered,504,7,678,4628,1056,Van
102319,502319,Bangalore,Ahmedabad,2026-04-19,2026-04-20,Delivered,4550,50,314,960,1059,Mini Truck
102320,502320,Delhi,Lucknow,2026-04-20,2026-04-27,Delivered,14148,108,1129,6873,1069,Mini Truck
102321,502321,Hyderabad,Delhi,2025-08-10,2025-08-16,Delivered,4488,44,984,2546,1024,Container
102322,502322,Bangalore,Mumbai,2025-11-05,2025-11-11,Delivered,11400,95,1930,6747,1007,Mini Truck
102323,502323,Chennai,Pune,2025-12-07,2025-12-14,Delivered,7912,92,2213,17475,1058,Mini Truck
102324,502324,Chennai,Lucknow,2025-11-04,,Cancelled,5518,62,1756,6810,1002,Container
102325,502325,Pune,Ahmedabad,2025-07-31,2025-08-02,Delivered,8970,115,895,3262,1071,Container
102326,502326,Hyderabad,Ahmedabad,2025-05-22,2025-05-25,Delivered,2880,32,2216,14340,1061,Truck
102327,502327,Hyderabad,Delhi,2025-09-27,2025-10-06,Delivered,6655,55,2472,9358,1008,Van
102328,502328,Bangalore,Bangalore,2025-09-23,2025-09-24,Delivered,10304,92,2199,14834,1061,Mini Truck
102329,502329,Chennai,Ahmedabad,2025-03-27,,Cancelled,4232,46,2491,12105,1033,Truck
102330,502330,Bangalore,Bangalore,2025-11-26,2025-11-27,Delivered,9801,99,1990,11491,1060,Container
102331,502331,Pune,Chennai,2025-12-19,2025-12-26,Delivered,12430,113,365,2326,1004,Mini Truck
102332,502332,Chennai,Hyderabad,2025-05-31,,In Transit,5676,66,910,6026,1017,Container
102333,502333,Pune,Bangalore,2025-07-04,2025-07-07,Delivered,1431,27,2685,13832,1014,Truck
102334,502334,Hyderabad,Chennai,2026-05-17,2026-05-19,Delivered,5963,67,486,1654,1100,Van
102335,502335,Mumbai,Kolkata,2026-01-16,2026-01-21,Delivered,9632,112,2312,13118,1030,Truck
102336,502336,Bangalore,Pune,2025-04-17,,In Transit,4819,79,82,468,1023,Mini Truck
102337,502337,Delhi,Pune,2026-02-28,,Cancelled,2772,77,2301,6963,1035,Mini Truck
102338,502338,Pune,Ahmedabad,2025-10-03,2025-10-05,Delivered,1248,12,1779,4694,1010,Container
102339,502339,Hyderabad,Delhi,2025-08-10,2025-08-12,Delayed,5152,56,844,6227,1006,Van
102340,502340,Pune,Delhi,2025-02-03,2025-02-07,Delivered,2697,31,806,5717,1024,Van
102341,502341,Bangalore,Ahmedabad,2025-08-18,,In Transit,6325,115,1854,10377,1057,Container
102342,502342,Mumbai,Lucknow,2025-01-06,2025-01-16,Delivered,1179,9,1678,12774,1034,Truck
102343,502343,Mumbai,Chennai,2025-11-29,2025-12-09,Delivered,2079,33,2526,8082,1090,Mini Truck
102344,502344,Hyderabad,Pune,2025-03-31,2025-04-10,Delivered,1260,20,1637,7226,1007,Van
102345,502345,Chennai,Ahmedabad,2025-03-02,2025-03-09,Delivered,8832,96,1769,8266,1043,Mini Truck
102346,502346,Hyderabad,Pune,2025-11-08,2025-11-12,Delivered,5440,80,2053,12171,1081,Van
102347,502347,Delhi,Jaipur,2025-01-01,2025-01-10,Delivered,8340,60,1284,3229,1096,Container
102348,502348,Bangalore,Ahmedabad,2025-01-23,2025-02-01,Delivered,756,6,2774,21007,1073,Mini Truck
102349,502349,Chennai,Delhi,2025-06-19,2025-06-21,Delivered,16080,120,1571,11058,1039,Mini Truck
102350,502350,Chennai,Delhi,2025-10-14,2025-10-24,Delivered,567,9,2445,8443,1021,Van
102351,502351,Mumbai,Bangalore,2025-07-31,2025-08-03,Delivered,1548,36,1514,4124,1048,Van
102352,502352,Bangalore,Delhi,2025-04-27,2025-05-01,Delivered,3696,48,1211,8330,1088,Truck
102353,502353,Mumbai,Ahmedabad,2026-06-01,2026-06-10,Delayed,4674,41,902,3215,1100,Mini Truck
102354,502354,Mumbai,Pune,2025-10-29,,In Transit,6050,55,718,3480,1001,Truck
102355,502355,Bangalore,Kolkata,2025-08-25,2025-08-30,Delivered,4646,101,1156,3918,1075,Truck
102356,502356,Hyderabad,Chennai,2026-02-07,2026-02-17,Delivered,4212,81,2568,19857,1016,Mini Truck
102357,502357,Mumbai,Jaipur,2026-02-16,2026-02-24,Delivered,6930,63,1315,5975,1021,Truck
102358,502358,Delhi,Ahmedabad,2025-07-06,2025-07-11,Delivered,9309,87,430,1555,1058,Van
102359,502359,Chennai,Mumbai,2025-05-16,2025-05-24,Delivered,658,14,988,5087,1030,Container
102360,502360,Mumbai,Ahmedabad,2025-10-08,2025-10-11,Delivered,10350,90,2133,16099,1033,Container
102361,502361,Delhi,Pune,2025-01-27,,In Transit,5428,59,543,3772,1030,Truck
102362,502362,Delhi,Kolkata,2025-06-12,2025-06-21,Delivered,9000,120,1150,8406,1035,Truck
102363,502363,Mumbai,Pune,2025-04-19,2025-04-23,Delivered,9200,115,1409,3599,1013,Van
102364,502364,Mumbai,Pune,2025-04-13,2025-04-15,Delivered,5160,43,1023,7291,1067,Container
102365,502365,Hyderabad,Kolkata,2026-04-18,2026-04-23,Delivered,3264,64,2529,11529,1095,Van
102366,502366,Mumbai,Pune,2025-04-06,2025-04-10,Delivered,10925,95,1091,7515,1042,Truck
102367,502367,Chennai,Pune,2025-01-08,2025-01-17,Delivered,2640,66,2067,10072,1082,Container
102368,502368,Chennai,Bangalore,2025-08-02,,In Transit,11110,101,746,4283,1072,Container
102369,502369,Bangalore,Mumbai,2026-01-02,,In Transit,936,12,729,3696,1070,Van
102370,502370,Hyderabad,Hyderabad,2025-02-28,,In Transit,4653,47,2657,18123,1046,Mini Truck
102371,502371,Pune,Lucknow,2025-06-25,,Cancelled,5750,46,1840,12632,1018,Container
102372,502372,Mumbai,Delhi,2026-06-05,2026-06-13,Delivered,2289,21,2747,18635,1047,Van
102373,502373,Mumbai,Chennai,2026-01-18,2026-01-28,Delivered,5830,55,741,2500,1024,Van
102374,502374,Delhi,Mumbai,2025-07-07,2025-07-14,Delivered,2392,26,1278,4404,1053,Mini Truck
102375,502375,Chennai,Hyderabad,2025-07-04,2025-07-06,Delivered,15368,113,744,2525,1036,Truck
102376,502376,Bangalore,Kolkata,2025-06-29,2025-06-30,Delivered,7216,82,2733,12761,1089,Container
102377,502377,Delhi,Pune,2026-02-24,2026-03-01,Delivered,15540,111,1453,10338,1075,Van
102378,502378,Hyderabad,Bangalore,2025-07-09,2025-07-14,Delivered,3219,87,211,1359,1079,Truck
102379,502379,Delhi,Mumbai,2025-08-13,2025-08-17,Delivered,4161,73,2586,8377,1039,Container
102380,502380,Delhi,Mumbai,2025-08-16,2025-08-17,Delivered,8184,93,241,1881,1068,Mini Truck
102381,502381,Hyderabad,Jaipur,2025-02-08,2025-02-13,Delivered,6832,56,504,3334,1008,Container
102382,502382,Hyderabad,Pune,2026-02-05,2026-02-14,Delivered,3456,96,1499,3868,1042,Mini Truck
102383,502383,Hyderabad,Pune,2025-07-24,2025-07-26,Delivered,7259,61,1793,5928,1029,Truck
102384,502384,Mumbai,Bangalore,2026-02-25,2026-03-07,Delivered,4788,38,1209,3641,1056,Van
102385,502385,Mumbai,Bangalore,2025-04-12,2025-04-17,Delivered,5880,120,1228,9252,1026,Container
102386,502386,Mumbai,Jaipur,2026-04-27,2026-05-04,Delivered,6816,71,1532,11843,1097,Truck
102387,502387,Hyderabad,Bangalore,2025-09-15,2025-09-18,Delivered,11676,84,234,942,1055,Truck
102388,502388,Hyderabad,Chennai,2025-12-15,2025-12-24,Delivered,2806,61,130,922,1064,Mini Truck
102389,502389,Mumbai,Hyderabad,2025-07-07,2025-07-10,Delivered,2583,41,2345,11605,1035,Van
102390,502390,Delhi,Jaipur,2025-06-22,2025-06-28,Delivered,8024,59,1423,5094,1050,Van
102391,502391,Hyderabad,Kolkata,2025-01-12,2025-01-17,Delivered,8446,103,2245,14815,1049,Mini Truck
102392,502392,Hyderabad,Lucknow,2025-02-12,2025-02-20,Delivered,2727,27,860,4202,1091,Van
102393,502393,Delhi,Delhi,2025-01-04,2025-01-08,Delivered,7935,69,1431,10547,1062,Van
102394,502394,Mumbai,Mumbai,2026-02-05,2026-02-09,Delayed,5152,46,2466,6382,1005,Mini Truck
102395,502395,Hyderabad,Lucknow,2025-03-21,2025-03-28,Delivered,1067,11,1298,9287,1082,Container
102396,502396,Pune,Mumbai,2025-10-28,2025-11-06,Delivered,4970,71,1122,4114,1007,Container
102397,502397,Pune,Ahmedabad,2025-03-26,2025-04-03,Delivered,8848,112,2719,19934,1033,Container
102398,502398,Hyderabad,Pune,2026-02-02,2026-02-09,Delayed,6150,75,325,1990,1089,Truck
102399,502399,Chennai,Chennai,2026-06-14,2026-06-24,Delayed,486,9,294,1467,1090,Mini Truck
102400,502400,Chennai,Mumbai,2025-01-12,2025-01-17,Delayed,5828,47,217,1084,1072,Container
102401,502401,Delhi,Hyderabad,2025-08-30,2025-09-06,Delivered,351,9,1432,5374,1032,Container
102402,502402,Bangalore,Ahmedabad,2026-06-06,2026-06-07,Delivered,6435,55,2028,9978,1028,Truck
102403,502403,Hyderabad,Jaipur,2025-05-04,2025-05-07,Delivered,2464,28,801,3810,1061,Van
102404,502404,Delhi,Kolkata,2025-01-17,2025-01-25,Delayed,6930,70,2700,13148,1028,Van
102405,502405,Pune,Kolkata,2025-02-17,2025-02-21,Delivered,4758,78,1748,7299,1022,Container
102406,502406,Hyderabad,Delhi,2025-11-19,2025-11-25,Delayed,13560,113,139,834,1074,Mini Truck
102407,502407,Mumbai,Mumbai,2026-04-12,2026-04-21,Delivered,6136,59,368,2669,1088,Container
102408,502408,Delhi,Ahmedabad,2026-02-05,2026-02-06,Delivered,8772,102,335,2243,1074,Truck
102409,502409,Hyderabad,Bangalore,2025-07-01,2025-07-10,Delayed,5040,112,2571,15942,1073,Mini Truck
102410,502410,Hyderabad,Mumbai,2025-06-07,2025-06-13,Delivered,15694,118,885,6127,1060,Truck
102411,502411,Hyderabad,Delhi,2026-03-10,,In Transit,2992,44,2551,8785,1076,Van
102412,502412,Mumbai,Delhi,2025-07-31,2025-08-10,Delivered,4745,73,2773,21764,1012,Mini Truck
102413,502413,Bangalore,Hyderabad,2025-01-20,2025-01-26,Delivered,11752,104,2366,18646,1058,Truck
102414,502414,Hyderabad,Kolkata,2025-07-03,2025-07-09,Delivered,9919,109,2256,7995,1048,Van
102415,502415,Chennai,Lucknow,2025-06-16,,Cancelled,4134,39,1000,7518,1096,Van
102416,502416,Pune,Bangalore,2025-02-25,2025-02-27,Delivered,3136,64,2256,10780,1065,Truck
102417,502417,Hyderabad,Ahmedabad,2025-10-05,2025-10-07,Delivered,4896,48,2692,15315,1097,Truck
102418,502418,Delhi,Ahmedabad,2025-09-16,,In Transit,4187,79,2745,20469,1084,Truck
102419,502419,Bangalore,Delhi,2025-07-24,,In Transit,5096,104,239,1223,1077,Mini Truck
102420,502420,Hyderabad,Hyderabad,2025-02-13,2025-02-14,Delivered,3100,31,177,1054,1005,Truck
102421,502421,Hyderabad,Pune,2026-02-16,2026-02-19,Delivered,8505,81,1748,6041,1099,Van
102422,502422,Bangalore,Lucknow,2025-12-01,2025-12-02,Delayed,8277,89,128,423,1065,Van
102423,502423,Chennai,Pune,2026-04-24,2026-04-26,Delivered,1456,14,1766,4436,1076,Truck
102424,502424,Pune,Kolkata,2026-01-30,,In Transit,2236,26,1984,9236,1002,Truck
102425,502425,Chennai,Pune,2025-01-18,2025-01-20,Delivered,7308,63,282,1879,1023,Container
102426,502426,Mumbai,Hyderabad,2025-10-15,2025-10-21,Delivered,8881,107,2486,14831,1024,Van
102427,502427,Bangalore,Lucknow,2026-05-12,,In Transit,540,15,781,5113,1038,Mini Truck
102428,502428,Bangalore,Pune,2026-01-18,2026-01-28,Delivered,322,7,2448,18759,1020,Mini Truck
102429,502429,Hyderabad,Chennai,2025-09-12,2025-09-21,Delivered,3588,39,2384,11271,1091,Truck
102430,502430,Mumbai,Kolkata,2026-01-21,2026-01-29,Delivered,655,5,590,2427,1049,Van
102431,502431,Mumbai,Hyderabad,2025-02-13,2025-02-17,Delivered,6298,94,1790,9409,1011,Container
102432,502432,Bangalore,Hyderabad,2025-01-17,,Cancelled,16240,116,1688,10734,1066,Mini Truck
102433,502433,Delhi,Chennai,2026-04-08,,Cancelled,2952,36,2170,8724,1092,Container
102434,502434,Hyderabad,Pune,2025-07-22,,Cancelled,1326,34,1802,8282,1060,Container
102435,502435,Bangalore,Kolkata,2025-03-17,2025-03-27,Delivered,6116,44,2372,12252,1086,Mini Truck
102436,502436,Mumbai,Delhi,2025-09-20,2025-09-29,Delivered,3024,54,805,6268,1073,Mini Truck
102437,502437,Delhi,Ahmedabad,2026-03-03,2026-03-11,Delivered,6699,77,2439,8470,1045,Container
102438,502438,Chennai,Kolkata,2025-06-08,2025-06-18,Delivered,6996,106,2295,8455,1097,Container
102439,502439,Hyderabad,Lucknow,2026-06-12,2026-06-20,Delivered,3596,62,2552,11603,1100,Container
102440,502440,Delhi,Hyderabad,2025-05-05,2025-05-14,Delivered,2727,27,250,1927,1033,Mini Truck
102441,502441,Delhi,Chennai,2025-07-24,2025-07-28,Delivered,4590,102,2505,8394,1017,Container
102442,502442,Delhi,Delhi,2025-01-05,,In Transit,1722,42,1268,7719,1085,Container
102443,502443,Hyderabad,Pune,2025-03-10,,Cancelled,5236,44,2720,10193,1005,Van
102444,502444,Pune,Kolkata,2025-03-14,2025-03-16,Delivered,707,7,886,6169,1064,Van
102445,502445,Mumbai,Lucknow,2026-04-27,2026-05-07,Delivered,7470,83,2262,13672,1086,Container
102446,502446,Bangalore,Pune,2025-05-19,2025-05-20,Delivered,5875,47,2593,15737,1008,Mini Truck
102447,502447,Mumbai,Chennai,2025-08-26,2025-09-03,Delivered,6608,59,1803,13852,1014,Van
102448,502448,Chennai,Kolkata,2026-02-15,2026-02-25,Delivered,15290,110,2283,6133,1048,Container
102449,502449,Chennai,Pune,2025-01-05,2025-01-11,Delivered,1260,36,2622,13023,1053,Container
102450,502450,Delhi,Lucknow,2026-03-17,2026-03-25,Delivered,3072,24,2719,16397,1099,Van
102451,502451,Delhi,Hyderabad,2025-09-11,2025-09-16,Delayed,3350,67,1105,7082,1041,Mini Truck
102452,502452,Delhi,Bangalore,2026-05-09,2026-05-15,Delivered,5311,113,1707,4387,1064,Container
102453,502453,Hyderabad,Bangalore,2025-06-23,2025-06-29,Delivered,1056,12,974,2896,1074,Mini Truck
102454,502454,Delhi,Pune,2025-12-08,,In Transit,11100,100,2441,15798,1076,Mini Truck
102455,502455,Chennai,Jaipur,2025-07-18,2025-07-19,Delivered,3712,29,1271,4462,1038,Van
102456,502456,Bangalore,Jaipur,2025-10-21,2025-10-22,Delivered,10192,104,1159,5646,1057,Container
102457,502457,Mumbai,Bangalore,2025-11-19,,Cancelled,14514,118,71,504,1053,Van
102458,502458,Delhi,Kolkata,2025-03-15,2025-03-16,Delayed,12462,93,2332,18335,1012,Container
102459,502459,Pune,Bangalore,2025-06-20,,In Transit,3600,80,1471,5845,1050,Mini Truck
102460,502460,Bangalore,Delhi,2025-03-17,2025-03-23,Delivered,5530,70,55,242,1095,Truck
102461,502461,Pune,Mumbai,2025-11-25,,In Transit,4278,62,1117,7205,1080,Container
102462,502462,Pune,Chennai,2025-09-12,2025-09-14,Delivered,6435,55,242,1259,1061,Truck
102463,502463,Delhi,Hyderabad,2025-01-12,2025-01-13,Delivered,7200,96,1325,9818,1016,Van
102464,502464,Delhi,Bangalore,2025-06-03,2025-06-12,Delivered,880,8,906,4171,1099,Mini Truck
102465,502465,Pune,Delhi,2025-09-02,2025-09-11,Delivered,9150,75,1685,13002,1081,Truck
102466,502466,Pune,Jaipur,2025-01-13,2025-01-19,Delivered,3100,25,2540,11071,1049,Van
102467,502467,Pune,Ahmedabad,2025-07-31,,In Transit,7566,97,1019,6587,1017,Mini Truck
102468,502468,Delhi,Bangalore,2026-04-25,2026-04-26,Delivered,2829,69,2127,14232,1056,Container
102469,502469,Delhi,Lucknow,2026-05-10,,Cancelled,560,10,2493,6795,1087,Truck
102470,502470,Chennai,Kolkata,2025-04-05,2025-04-10,Delivered,5175,115,960,2885,1088,Mini Truck
102471,502471,Hyderabad,Ahmedabad,2025-04-13,2025-04-22,Delivered,3120,40,2317,12940,1044,Mini Truck
102472,502472,Hyderabad,Bangalore,2025-07-10,2025-07-12,Delivered,6966,81,2737,7329,1059,Mini Truck
102473,502473,Mumbai,Delhi,2025-11-18,2025-11-26,Delivered,8645,91,78,399,1035,Van
102474,502474,Pune,Hyderabad,2025-10-31,2025-11-01,Delivered,13915,115,2228,16497,1099,Mini Truck
102475,502475,Pune,Bangalore,2025-03-23,2025-03-25,Delivered,5460,42,1649,4788,1080,Van
102476,502476,Pune,Bangalore,2025-10-06,2025-10-14,Delivered,9309,107,1637,5283,1053,Mini Truck
102477,502477,Mumbai,Chennai,2026-01-20,,In Transit,1836,51,1000,3258,1050,Truck
102478,502478,Pune,Lucknow,2025-11-05,2025-11-11,Delivered,6164,67,2325,5888,1050,Container
102479,502479,Delhi,Chennai,2025-02-23,2025-02-24,Delivered,3575,55,1671,8165,1002,Van
102480,502480,Delhi,Pune,2025-03-31,2025-04-07,Delivered,4446,39,82,450,1016,Truck
102481,502481,Mumbai,Kolkata,2025-02-14,2025-02-17,Delivered,1392,12,1021,2714,1047,Mini Truck
102482,502482,Delhi,Kolkata,2025-09-26,2025-09-30,Delivered,13493,103,1934,8781,1060,Van
102483,502483,Mumbai,Mumbai,2025-07-11,,Cancelled,1140,10,252,1623,1056,Truck
102484,502484,Mumbai,Jaipur,2025-12-24,,In Transit,8092,68,1259,5374,1035,Mini Truck
102485,502485,Delhi,Chennai,2025-10-20,2025-10-30,Delayed,3157,41,1218,4553,1012,Truck
102486,502486,Chennai,Delhi,2025-05-04,2025-05-14,Delivered,6210,54,1474,6525,1028,Van
102487,502487,Bangalore,Chennai,2026-02-12,,Cancelled,2775,25,737,5061,1048,Mini Truck
102488,502488,Delhi,Jaipur,2026-05-22,2026-05-29,Delivered,3445,53,99,775,1053,Truck
102489,502489,Hyderabad,Pune,2025-11-14,2025-11-15,Delivered,4464,62,92,457,1082,Mini Truck
102490,502490,Hyderabad,Ahmedabad,2025-01-17,2025-01-23,Delivered,8667,107,307,1618,1004,Truck
102491,502491,Bangalore,Bangalore,2025-01-05,2025-01-09,Delivered,4186,91,2650,12792,1013,Van
102492,502492,Hyderabad,Delhi,2025-12-22,2026-01-01,Delivered,612,12,1579,5504,1039,Truck
102493,502493,Mumbai,Bangalore,2025-12-01,2025-12-11,Delivered,4750,38,281,1282,1034,Van
102494,502494,Mumbai,Mumbai,2025-11-24,2025-12-02,Delivered,5925,79,272,1761,1016,Truck
102495,502495,Pune,Lucknow,2026-02-12,2026-02-17,Delivered,12317,113,1707,6284,1043,Container
102496,502496,Delhi,Lucknow,2025-08-29,2025-09-04,Delivered,9408,96,2537,10024,1086,Container
102497,502497,Hyderabad,Lucknow,2025-01-08,2025-01-16,Delivered,726,11,810,6452,1089,Container
102498,502498,Hyderabad,Mumbai,2025-09-29,2025-09-30,Delivered,5076,108,2681,15013,1021,Truck
102499,502499,Chennai,Chennai,2026-03-19,2026-03-23,Delivered,3567,29,638,4073,1090,Container
